date,revision,realized_pnl,valuation_version,valuation_status,rt_coverage_min,missing_intervals,affected_positions,affected_mw,estimate_method,pnl_sensitivity_per_rt_spread_dollar,depends_on_provisional_date,revision_reason,decision_lineage_id,decision_state_dependency,source_artifact_sha256,supersedes_revision
2026-03-01,1,622.27,legacy_he24_v1,legacy_carried,unknown,,0,0,legacy_published,0.0,,retained_irrecoverable_source_gaps,reset_backfill_two_lake_v1,,76396b98840c0ed7967863e44733e96a09818baf9b1fff0d47f799b14c71b58c,
2026-03-01,2,163.35,ercot_he24_q4_v2,observed_complete,4/4,,0,0,none,0.0,,historical_q4_replay,current_lake_20260706_he24_q4_v2_settled_folds6_9_s42,,3a699263887bdbcd8f163c02956f694ab53fb5264294942bd180a8c9fd7d1039,1
2026-03-02,1,799.68,legacy_he24_v1,legacy_carried,unknown,,0,0,legacy_published,0.0,,retained_irrecoverable_source_gaps,reset_backfill_two_lake_v1,,76396b98840c0ed7967863e44733e96a09818baf9b1fff0d47f799b14c71b58c,
2026-03-02,2,226.56,ercot_he24_q4_v2,observed_complete,4/4,,0,0,none,0.0,,historical_q4_replay,current_lake_20260706_he24_q4_v2_settled_folds6_9_s42,,3a699263887bdbcd8f163c02956f694ab53fb5264294942bd180a8c9fd7d1039,1
2026-03-03,1,-26.06,legacy_he24_v1,legacy_carried,unknown,,0,0,legacy_published,0.0,,retained_irrecoverable_source_gaps,reset_backfill_two_lake_v1,,76396b98840c0ed7967863e44733e96a09818baf9b1fff0d47f799b14c71b58c,
2026-03-03,2,-421.84,ercot_he24_q4_v2,observed_complete,4/4,,0,0,none,0.0,,historical_q4_replay,current_lake_20260706_he24_q4_v2_settled_folds6_9_s42,,3a699263887bdbcd8f163c02956f694ab53fb5264294942bd180a8c9fd7d1039,1
2026-03-04,1,568.00,legacy_he24_v1,legacy_carried,unknown,,0,0,legacy_published,0.0,,retained_irrecoverable_source_gaps,reset_backfill_two_lake_v1,,76396b98840c0ed7967863e44733e96a09818baf9b1fff0d47f799b14c71b58c,
2026-03-04,2,206.93,ercot_he24_q4_v2,observed_complete,4/4,,0,0,none,0.0,,historical_q4_replay,current_lake_20260706_he24_q4_v2_settled_folds6_9_s42,,3a699263887bdbcd8f163c02956f694ab53fb5264294942bd180a8c9fd7d1039,1
2026-03-05,1,-113.13,legacy_he24_v1,legacy_carried,unknown,,0,0,legacy_published,0.0,,retained_irrecoverable_source_gaps,reset_backfill_two_lake_v1,,76396b98840c0ed7967863e44733e96a09818baf9b1fff0d47f799b14c71b58c,
2026-03-05,2,629.44,ercot_he24_q4_v2,observed_complete,4/4,,0,0,none,0.0,,historical_q4_replay,current_lake_20260706_he24_q4_v2_settled_folds6_9_s42,,3a699263887bdbcd8f163c02956f694ab53fb5264294942bd180a8c9fd7d1039,1
2026-03-06,1,1186.88,legacy_he24_v1,legacy_carried,unknown,,0,0,legacy_published,0.0,,retained_irrecoverable_source_gaps,reset_backfill_two_lake_v1,,76396b98840c0ed7967863e44733e96a09818baf9b1fff0d47f799b14c71b58c,
2026-03-06,2,-242.53,ercot_he24_q4_v2,historical_estimate,1/4,04:15|04:30|04:45|09:00,11,11,mean_observed_rt_intervals,14.5,,historical_q4_estimate,current_lake_20260706_he24_q4_v2_settled_folds6_9_s42,,3a699263887bdbcd8f163c02956f694ab53fb5264294942bd180a8c9fd7d1039,1
2026-03-07,1,-342.30,legacy_he24_v1,legacy_carried,unknown,,0,0,legacy_published,0.0,,retained_irrecoverable_source_gaps,reset_backfill_two_lake_v1,,76396b98840c0ed7967863e44733e96a09818baf9b1fff0d47f799b14c71b58c,
2026-03-07,2,-554.31,ercot_he24_q4_v2,historical_estimate,0/4,00:15|00:30|00:45|01:00|01:15|01:30|01:45|02:00|02:15|02:30|02:45|03:00|03:15|03:30|03:45|04:00|04:15|04:30|04:45|05:00|05:15|05:30|05:45|06:00|06:15|06:30|06:45|07:00|07:15|07:30|07:45|08:00|08:15|08:30|08:45|09:00|09:15|09:30|09:45|10:00|10:15|10:30|10:45|11:00|11:15|11:30|11:45|12:00|12:15|12:30|12:45|13:00|13:15|13:30|13:45|14:00|14:15|14:30|14:45|15:00|15:15|15:30|15:45|16:00|16:15|16:30|16:45|17:00|17:15|17:30|17:45|18:00|18:15|18:30|18:45|19:00|19:15|19:30|19:45|20:00|20:15|20:30|20:45|21:00|21:15|21:30|21:45|22:00|22:15|22:30|22:45|23:00|23:15|23:30|23:45|24:00,175,175,da_proxy_then_same_day_or_prior_pair_hour,245.0,,historical_q4_estimate,current_lake_20260706_he24_q4_v2_settled_folds6_9_s42,,3a699263887bdbcd8f163c02956f694ab53fb5264294942bd180a8c9fd7d1039,1
2026-03-08,1,2301.07,legacy_he24_v1,legacy_carried,unknown,,0,0,legacy_published,0.0,,retained_irrecoverable_source_gaps,reset_backfill_two_lake_v1,,76396b98840c0ed7967863e44733e96a09818baf9b1fff0d47f799b14c71b58c,
2026-03-08,2,1301.51,ercot_he24_q4_v2,historical_estimate,0/4,02:15|02:30|02:45|03:00,17,17,da_proxy_then_same_day_or_prior_pair_hour,34.0,,historical_q4_estimate,current_lake_20260706_he24_q4_v2_settled_folds6_9_s42,,3a699263887bdbcd8f163c02956f694ab53fb5264294942bd180a8c9fd7d1039,1
2026-03-09,1,-6846.69,legacy_he24_v1,legacy_carried,unknown,,0,0,legacy_published,0.0,,retained_irrecoverable_source_gaps,reset_backfill_two_lake_v1,,76396b98840c0ed7967863e44733e96a09818baf9b1fff0d47f799b14c71b58c,
2026-03-09,2,531.93,ercot_he24_q4_v2,observed_complete,4/4,,0,0,none,0.0,2026-03-06,historical_q4_replay,current_lake_20260706_he24_q4_v2_settled_folds6_9_s42,2026-03-06,3a699263887bdbcd8f163c02956f694ab53fb5264294942bd180a8c9fd7d1039,1
2026-03-10,1,1360.92,legacy_he24_v1,legacy_carried,unknown,,0,0,legacy_published,0.0,,retained_irrecoverable_source_gaps,reset_backfill_two_lake_v1,,76396b98840c0ed7967863e44733e96a09818baf9b1fff0d47f799b14c71b58c,
2026-03-10,2,2202.23,ercot_he24_q4_v2,observed_complete,4/4,,0,0,none,0.0,2026-03-06,historical_q4_replay,current_lake_20260706_he24_q4_v2_settled_folds6_9_s42,2026-03-06,3a699263887bdbcd8f163c02956f694ab53fb5264294942bd180a8c9fd7d1039,1
2026-03-11,1,1115.22,legacy_he24_v1,legacy_carried,unknown,,0,0,legacy_published,0.0,,retained_irrecoverable_source_gaps,reset_backfill_two_lake_v1,,76396b98840c0ed7967863e44733e96a09818baf9b1fff0d47f799b14c71b58c,
2026-03-11,2,-589.95,ercot_he24_q4_v2,observed_complete,4/4,,0,0,none,0.0,2026-03-06,historical_q4_replay,current_lake_20260706_he24_q4_v2_settled_folds6_9_s42,2026-03-06,3a699263887bdbcd8f163c02956f694ab53fb5264294942bd180a8c9fd7d1039,1
2026-03-12,1,7426.51,legacy_he24_v1,legacy_carried,unknown,,0,0,legacy_published,0.0,,retained_irrecoverable_source_gaps,reset_backfill_two_lake_v1,,76396b98840c0ed7967863e44733e96a09818baf9b1fff0d47f799b14c71b58c,
2026-03-12,2,2600.58,ercot_he24_q4_v2,observed_complete,4/4,,0,0,none,0.0,2026-03-06,historical_q4_replay,current_lake_20260706_he24_q4_v2_settled_folds6_9_s42,2026-03-06,3a699263887bdbcd8f163c02956f694ab53fb5264294942bd180a8c9fd7d1039,1
2026-03-13,1,3158.72,legacy_he24_v1,legacy_carried,unknown,,0,0,legacy_published,0.0,,retained_irrecoverable_source_gaps,reset_backfill_two_lake_v1,,76396b98840c0ed7967863e44733e96a09818baf9b1fff0d47f799b14c71b58c,
2026-03-13,2,874.46,ercot_he24_q4_v2,observed_complete,4/4,,0,0,none,0.0,2026-03-06,historical_q4_replay,current_lake_20260706_he24_q4_v2_settled_folds6_9_s42,2026-03-06,3a699263887bdbcd8f163c02956f694ab53fb5264294942bd180a8c9fd7d1039,1
2026-03-14,1,-2071.85,legacy_he24_v1,legacy_carried,unknown,,0,0,legacy_published,0.0,,retained_irrecoverable_source_gaps,reset_backfill_two_lake_v1,,76396b98840c0ed7967863e44733e96a09818baf9b1fff0d47f799b14c71b58c,
2026-03-14,2,-779.96,ercot_he24_q4_v2,observed_complete,4/4,,0,0,none,0.0,2026-03-06,historical_q4_replay,current_lake_20260706_he24_q4_v2_settled_folds6_9_s42,2026-03-06,3a699263887bdbcd8f163c02956f694ab53fb5264294942bd180a8c9fd7d1039,1
2026-03-15,1,461.54,legacy_he24_v1,legacy_carried,unknown,,0,0,legacy_published,0.0,,retained_irrecoverable_source_gaps,reset_backfill_two_lake_v1,,76396b98840c0ed7967863e44733e96a09818baf9b1fff0d47f799b14c71b58c,
2026-03-15,2,-558.36,ercot_he24_q4_v2,observed_complete,4/4,,0,0,none,0.0,2026-03-06,historical_q4_replay,current_lake_20260706_he24_q4_v2_settled_folds6_9_s42,2026-03-06,3a699263887bdbcd8f163c02956f694ab53fb5264294942bd180a8c9fd7d1039,1
2026-03-16,1,-2627.25,legacy_he24_v1,legacy_carried,unknown,,0,0,legacy_published,0.0,,retained_irrecoverable_source_gaps,reset_backfill_two_lake_v1,,76396b98840c0ed7967863e44733e96a09818baf9b1fff0d47f799b14c71b58c,
2026-03-16,2,-667.91,ercot_he24_q4_v2,observed_complete,4/4,,0,0,none,0.0,2026-03-06,historical_q4_replay,current_lake_20260706_he24_q4_v2_settled_folds6_9_s42,2026-03-06,3a699263887bdbcd8f163c02956f694ab53fb5264294942bd180a8c9fd7d1039,1
2026-03-17,1,4125.68,legacy_he24_v1,legacy_carried,unknown,,0,0,legacy_published,0.0,,retained_irrecoverable_source_gaps,reset_backfill_two_lake_v1,,76396b98840c0ed7967863e44733e96a09818baf9b1fff0d47f799b14c71b58c,
2026-03-17,2,606.57,ercot_he24_q4_v2,observed_complete,4/4,,0,0,none,0.0,2026-03-06,historical_q4_replay,current_lake_20260706_he24_q4_v2_settled_folds6_9_s42,2026-03-06,3a699263887bdbcd8f163c02956f694ab53fb5264294942bd180a8c9fd7d1039,1
2026-03-18,1,-250.72,legacy_he24_v1,legacy_carried,unknown,,0,0,legacy_published,0.0,,retained_irrecoverable_source_gaps,reset_backfill_two_lake_v1,,76396b98840c0ed7967863e44733e96a09818baf9b1fff0d47f799b14c71b58c,
2026-03-18,2,107.37,ercot_he24_q4_v2,observed_complete,4/4,,0,0,none,0.0,2026-03-06,historical_q4_replay,current_lake_20260706_he24_q4_v2_settled_folds6_9_s42,2026-03-06,3a699263887bdbcd8f163c02956f694ab53fb5264294942bd180a8c9fd7d1039,1
2026-03-19,1,909.30,legacy_he24_v1,legacy_carried,unknown,,0,0,legacy_published,0.0,,retained_irrecoverable_source_gaps,reset_backfill_two_lake_v1,,76396b98840c0ed7967863e44733e96a09818baf9b1fff0d47f799b14c71b58c,
2026-03-19,2,682.86,ercot_he24_q4_v2,observed_complete,4/4,,0,0,none,0.0,2026-03-06,historical_q4_replay,current_lake_20260706_he24_q4_v2_settled_folds6_9_s42,2026-03-06,3a699263887bdbcd8f163c02956f694ab53fb5264294942bd180a8c9fd7d1039,1
2026-03-20,1,2075.04,legacy_he24_v1,legacy_carried,unknown,,0,0,legacy_published,0.0,,retained_irrecoverable_source_gaps,reset_backfill_two_lake_v1,,76396b98840c0ed7967863e44733e96a09818baf9b1fff0d47f799b14c71b58c,
2026-03-20,2,586.68,ercot_he24_q4_v2,observed_complete,4/4,,0,0,none,0.0,2026-03-06,historical_q4_replay,current_lake_20260706_he24_q4_v2_settled_folds6_9_s42,2026-03-06,3a699263887bdbcd8f163c02956f694ab53fb5264294942bd180a8c9fd7d1039,1
2026-03-21,1,3417.44,legacy_he24_v1,legacy_carried,unknown,,0,0,legacy_published,0.0,,retained_irrecoverable_source_gaps,reset_backfill_two_lake_v1,,76396b98840c0ed7967863e44733e96a09818baf9b1fff0d47f799b14c71b58c,
2026-03-21,2,677.73,ercot_he24_q4_v2,observed_complete,4/4,,0,0,none,0.0,2026-03-06,historical_q4_replay,current_lake_20260706_he24_q4_v2_settled_folds6_9_s42,2026-03-06,3a699263887bdbcd8f163c02956f694ab53fb5264294942bd180a8c9fd7d1039,1
2026-03-22,1,3826.29,legacy_he24_v1,legacy_carried,unknown,,0,0,legacy_published,0.0,,retained_irrecoverable_source_gaps,reset_backfill_two_lake_v1,,76396b98840c0ed7967863e44733e96a09818baf9b1fff0d47f799b14c71b58c,
2026-03-22,2,956.47,ercot_he24_q4_v2,observed_complete,4/4,,0,0,none,0.0,2026-03-06,historical_q4_replay,current_lake_20260706_he24_q4_v2_settled_folds6_9_s42,2026-03-06,3a699263887bdbcd8f163c02956f694ab53fb5264294942bd180a8c9fd7d1039,1
2026-03-23,1,4240.78,legacy_he24_v1,legacy_carried,unknown,,0,0,legacy_published,0.0,,retained_irrecoverable_source_gaps,reset_backfill_two_lake_v1,,76396b98840c0ed7967863e44733e96a09818baf9b1fff0d47f799b14c71b58c,
2026-03-23,2,138.60,ercot_he24_q4_v2,observed_complete,4/4,,0,0,none,0.0,2026-03-06,historical_q4_replay,current_lake_20260706_he24_q4_v2_settled_folds6_9_s42,2026-03-06,3a699263887bdbcd8f163c02956f694ab53fb5264294942bd180a8c9fd7d1039,1
2026-03-24,1,2044.78,legacy_he24_v1,legacy_carried,unknown,,0,0,legacy_published,0.0,,retained_irrecoverable_source_gaps,reset_backfill_two_lake_v1,,76396b98840c0ed7967863e44733e96a09818baf9b1fff0d47f799b14c71b58c,
2026-03-24,2,366.94,ercot_he24_q4_v2,observed_complete,4/4,,0,0,none,0.0,2026-03-06,historical_q4_replay,current_lake_20260706_he24_q4_v2_settled_folds6_9_s42,2026-03-06,3a699263887bdbcd8f163c02956f694ab53fb5264294942bd180a8c9fd7d1039,1
2026-03-25,1,46.59,legacy_he24_v1,legacy_carried,unknown,,0,0,legacy_published,0.0,,retained_irrecoverable_source_gaps,reset_backfill_two_lake_v1,,76396b98840c0ed7967863e44733e96a09818baf9b1fff0d47f799b14c71b58c,
2026-03-25,2,316.59,ercot_he24_q4_v2,observed_complete,4/4,,0,0,none,0.0,2026-03-06,historical_q4_replay,current_lake_20260706_he24_q4_v2_settled_folds6_9_s42,2026-03-06,3a699263887bdbcd8f163c02956f694ab53fb5264294942bd180a8c9fd7d1039,1
2026-03-26,1,-983.43,legacy_he24_v1,legacy_carried,unknown,,0,0,legacy_published,0.0,,retained_irrecoverable_source_gaps,reset_backfill_two_lake_v1,,76396b98840c0ed7967863e44733e96a09818baf9b1fff0d47f799b14c71b58c,
2026-03-26,2,365.57,ercot_he24_q4_v2,observed_complete,4/4,,0,0,none,0.0,2026-03-06,historical_q4_replay,current_lake_20260706_he24_q4_v2_settled_folds6_9_s42,2026-03-06,3a699263887bdbcd8f163c02956f694ab53fb5264294942bd180a8c9fd7d1039,1
2026-03-27,1,3935.07,legacy_he24_v1,legacy_carried,unknown,,0,0,legacy_published,0.0,,retained_irrecoverable_source_gaps,reset_backfill_two_lake_v1,,76396b98840c0ed7967863e44733e96a09818baf9b1fff0d47f799b14c71b58c,
2026-03-27,2,618.62,ercot_he24_q4_v2,observed_complete,4/4,,0,0,none,0.0,2026-03-06,historical_q4_replay,current_lake_20260706_he24_q4_v2_settled_folds6_9_s42,2026-03-06,3a699263887bdbcd8f163c02956f694ab53fb5264294942bd180a8c9fd7d1039,1
2026-03-28,1,2069.36,legacy_he24_v1,legacy_carried,unknown,,0,0,legacy_published,0.0,,retained_irrecoverable_source_gaps,reset_backfill_two_lake_v1,,76396b98840c0ed7967863e44733e96a09818baf9b1fff0d47f799b14c71b58c,
2026-03-28,2,-722.62,ercot_he24_q4_v2,observed_complete,4/4,,0,0,none,0.0,,historical_q4_replay,current_lake_20260706_he24_q4_v2_settled_folds6_9_s42,,3a699263887bdbcd8f163c02956f694ab53fb5264294942bd180a8c9fd7d1039,1
2026-03-29,1,-1025.21,legacy_he24_v1,legacy_carried,unknown,,0,0,legacy_published,0.0,,retained_irrecoverable_source_gaps,reset_backfill_two_lake_v1,,76396b98840c0ed7967863e44733e96a09818baf9b1fff0d47f799b14c71b58c,
2026-03-29,2,-57.11,ercot_he24_q4_v2,observed_complete,4/4,,0,0,none,0.0,,historical_q4_replay,current_lake_20260706_he24_q4_v2_settled_folds6_9_s42,,3a699263887bdbcd8f163c02956f694ab53fb5264294942bd180a8c9fd7d1039,1
2026-03-30,1,-3198.02,legacy_he24_v1,legacy_carried,unknown,,0,0,legacy_published,0.0,,retained_irrecoverable_source_gaps,reset_backfill_two_lake_v1,,76396b98840c0ed7967863e44733e96a09818baf9b1fff0d47f799b14c71b58c,
2026-03-30,2,-84.39,ercot_he24_q4_v2,observed_complete,4/4,,0,0,none,0.0,,historical_q4_replay,current_lake_20260706_he24_q4_v2_settled_folds6_9_s42,,3a699263887bdbcd8f163c02956f694ab53fb5264294942bd180a8c9fd7d1039,1
2026-03-31,1,5032.47,legacy_he24_v1,legacy_carried,unknown,,0,0,legacy_published,0.0,,retained_irrecoverable_source_gaps,reset_backfill_two_lake_v1,,76396b98840c0ed7967863e44733e96a09818baf9b1fff0d47f799b14c71b58c,
2026-03-31,2,518.59,ercot_he24_q4_v2,observed_complete,4/4,,0,0,none,0.0,,historical_q4_replay,current_lake_20260706_he24_q4_v2_settled_folds6_9_s42,,3a699263887bdbcd8f163c02956f694ab53fb5264294942bd180a8c9fd7d1039,1
2026-04-01,1,12763.72,legacy_he24_v1,legacy_carried,unknown,,0,0,legacy_published,0.0,,retained_irrecoverable_source_gaps,reset_backfill_two_lake_v1,,76396b98840c0ed7967863e44733e96a09818baf9b1fff0d47f799b14c71b58c,
2026-04-01,2,2286.55,ercot_he24_q4_v2,observed_complete,4/4,,0,0,none,0.0,,historical_q4_replay,current_lake_20260706_he24_q4_v2_settled_folds6_9_s42,,3a699263887bdbcd8f163c02956f694ab53fb5264294942bd180a8c9fd7d1039,1
2026-04-02,1,4857.43,legacy_he24_v1,legacy_carried,unknown,,0,0,legacy_published,0.0,,retained_irrecoverable_source_gaps,reset_backfill_two_lake_v1,,76396b98840c0ed7967863e44733e96a09818baf9b1fff0d47f799b14c71b58c,
2026-04-02,2,315.75,ercot_he24_q4_v2,observed_complete,4/4,,0,0,none,0.0,,historical_q4_replay,current_lake_20260706_he24_q4_v2_settled_folds6_9_s42,,3a699263887bdbcd8f163c02956f694ab53fb5264294942bd180a8c9fd7d1039,1
2026-04-03,1,2324.33,legacy_he24_v1,legacy_carried,unknown,,0,0,legacy_published,0.0,,retained_irrecoverable_source_gaps,reset_backfill_two_lake_v1,,76396b98840c0ed7967863e44733e96a09818baf9b1fff0d47f799b14c71b58c,
2026-04-03,2,349.16,ercot_he24_q4_v2,observed_complete,4/4,,0,0,none,0.0,,historical_q4_replay,current_lake_20260706_he24_q4_v2_settled_folds6_9_s42,,3a699263887bdbcd8f163c02956f694ab53fb5264294942bd180a8c9fd7d1039,1
2026-04-04,1,-468.69,legacy_he24_v1,legacy_carried,unknown,,0,0,legacy_published,0.0,,retained_irrecoverable_source_gaps,reset_backfill_two_lake_v1,,76396b98840c0ed7967863e44733e96a09818baf9b1fff0d47f799b14c71b58c,
2026-04-04,2,-20.76,ercot_he24_q4_v2,observed_complete,4/4,,0,0,none,0.0,,historical_q4_replay,current_lake_20260706_he24_q4_v2_settled_folds6_9_s42,,3a699263887bdbcd8f163c02956f694ab53fb5264294942bd180a8c9fd7d1039,1
2026-04-05,1,3750.12,legacy_he24_v1,legacy_carried,unknown,,0,0,legacy_published,0.0,,retained_irrecoverable_source_gaps,reset_backfill_two_lake_v1,,76396b98840c0ed7967863e44733e96a09818baf9b1fff0d47f799b14c71b58c,
2026-04-05,2,306.46,ercot_he24_q4_v2,observed_complete,4/4,,0,0,none,0.0,,historical_q4_replay,current_lake_20260706_he24_q4_v2_settled_folds6_9_s42,,3a699263887bdbcd8f163c02956f694ab53fb5264294942bd180a8c9fd7d1039,1
2026-04-06,1,8465.10,legacy_he24_v1,legacy_carried,unknown,,0,0,legacy_published,0.0,,retained_irrecoverable_source_gaps,reset_backfill_two_lake_v1,,76396b98840c0ed7967863e44733e96a09818baf9b1fff0d47f799b14c71b58c,
2026-04-06,2,1912.59,ercot_he24_q4_v2,observed_complete,4/4,,0,0,none,0.0,,historical_q4_replay,current_lake_20260706_he24_q4_v2_settled_folds6_9_s42,,3a699263887bdbcd8f163c02956f694ab53fb5264294942bd180a8c9fd7d1039,1
2026-04-07,1,3907.42,legacy_he24_v1,legacy_carried,unknown,,0,0,legacy_published,0.0,,retained_irrecoverable_source_gaps,reset_backfill_two_lake_v1,,76396b98840c0ed7967863e44733e96a09818baf9b1fff0d47f799b14c71b58c,
2026-04-07,2,491.73,ercot_he24_q4_v2,observed_complete,4/4,,0,0,none,0.0,,historical_q4_replay,current_lake_20260706_he24_q4_v2_settled_folds6_9_s42,,3a699263887bdbcd8f163c02956f694ab53fb5264294942bd180a8c9fd7d1039,1
2026-04-08,1,-766.48,legacy_he24_v1,legacy_carried,unknown,,0,0,legacy_published,0.0,,retained_irrecoverable_source_gaps,reset_backfill_two_lake_v1,,76396b98840c0ed7967863e44733e96a09818baf9b1fff0d47f799b14c71b58c,
2026-04-08,2,418.48,ercot_he24_q4_v2,observed_complete,4/4,,0,0,none,0.0,,historical_q4_replay,current_lake_20260706_he24_q4_v2_settled_folds6_9_s42,,3a699263887bdbcd8f163c02956f694ab53fb5264294942bd180a8c9fd7d1039,1
2026-04-09,1,-15832.38,legacy_he24_v1,legacy_carried,unknown,,0,0,legacy_published,0.0,,retained_irrecoverable_source_gaps,reset_backfill_two_lake_v1,,76396b98840c0ed7967863e44733e96a09818baf9b1fff0d47f799b14c71b58c,
2026-04-09,2,-81.87,ercot_he24_q4_v2,observed_complete,4/4,,0,0,none,0.0,,historical_q4_replay,current_lake_20260706_he24_q4_v2_settled_folds6_9_s42,,3a699263887bdbcd8f163c02956f694ab53fb5264294942bd180a8c9fd7d1039,1
2026-04-10,1,-4167.26,legacy_he24_v1,legacy_carried,unknown,,0,0,legacy_published,0.0,,retained_irrecoverable_source_gaps,reset_backfill_two_lake_v1,,76396b98840c0ed7967863e44733e96a09818baf9b1fff0d47f799b14c71b58c,
2026-04-10,2,432.67,ercot_he24_q4_v2,observed_complete,4/4,,0,0,none,0.0,,historical_q4_replay,current_lake_20260706_he24_q4_v2_settled_folds6_9_s42,,3a699263887bdbcd8f163c02956f694ab53fb5264294942bd180a8c9fd7d1039,1
2026-04-11,1,590.55,legacy_he24_v1,legacy_carried,unknown,,0,0,legacy_published,0.0,,retained_irrecoverable_source_gaps,reset_backfill_two_lake_v1,,76396b98840c0ed7967863e44733e96a09818baf9b1fff0d47f799b14c71b58c,
2026-04-11,2,23.26,ercot_he24_q4_v2,observed_complete,4/4,,0,0,none,0.0,,historical_q4_replay,current_lake_20260706_he24_q4_v2_settled_folds6_9_s42,,3a699263887bdbcd8f163c02956f694ab53fb5264294942bd180a8c9fd7d1039,1
2026-04-12,1,-3423.51,legacy_he24_v1,legacy_carried,unknown,,0,0,legacy_published,0.0,,retained_irrecoverable_source_gaps,reset_backfill_two_lake_v1,,76396b98840c0ed7967863e44733e96a09818baf9b1fff0d47f799b14c71b58c,
2026-04-12,2,-720.89,ercot_he24_q4_v2,observed_complete,4/4,,0,0,none,0.0,,historical_q4_replay,current_lake_20260706_he24_q4_v2_settled_folds6_9_s42,,3a699263887bdbcd8f163c02956f694ab53fb5264294942bd180a8c9fd7d1039,1
2026-04-13,1,-8112.18,legacy_he24_v1,legacy_carried,unknown,,0,0,legacy_published,0.0,,retained_irrecoverable_source_gaps,reset_backfill_two_lake_v1,,76396b98840c0ed7967863e44733e96a09818baf9b1fff0d47f799b14c71b58c,
2026-04-13,2,192.45,ercot_he24_q4_v2,observed_complete,4/4,,0,0,none,0.0,,historical_q4_replay,current_lake_20260706_he24_q4_v2_settled_folds6_9_s42,,3a699263887bdbcd8f163c02956f694ab53fb5264294942bd180a8c9fd7d1039,1
2026-04-14,1,6836.43,legacy_he24_v1,legacy_carried,unknown,,0,0,legacy_published,0.0,,retained_irrecoverable_source_gaps,reset_backfill_two_lake_v1,,76396b98840c0ed7967863e44733e96a09818baf9b1fff0d47f799b14c71b58c,
2026-04-14,2,305.70,ercot_he24_q4_v2,observed_complete,4/4,,0,0,none,0.0,,historical_q4_replay,current_lake_20260706_he24_q4_v2_settled_folds6_9_s42,,3a699263887bdbcd8f163c02956f694ab53fb5264294942bd180a8c9fd7d1039,1
2026-04-15,1,2838.04,legacy_he24_v1,legacy_carried,unknown,,0,0,legacy_published,0.0,,retained_irrecoverable_source_gaps,reset_backfill_two_lake_v1,,76396b98840c0ed7967863e44733e96a09818baf9b1fff0d47f799b14c71b58c,
2026-04-15,2,270.75,ercot_he24_q4_v2,observed_complete,4/4,,0,0,none,0.0,,historical_q4_replay,current_lake_20260706_he24_q4_v2_settled_folds6_9_s42,,3a699263887bdbcd8f163c02956f694ab53fb5264294942bd180a8c9fd7d1039,1
2026-04-16,1,-477.21,legacy_he24_v1,legacy_carried,unknown,,0,0,legacy_published,0.0,,retained_irrecoverable_source_gaps,reset_backfill_two_lake_v1,,76396b98840c0ed7967863e44733e96a09818baf9b1fff0d47f799b14c71b58c,
2026-04-16,2,-55.28,ercot_he24_q4_v2,observed_complete,4/4,,0,0,none,0.0,,historical_q4_replay,current_lake_20260706_he24_q4_v2_settled_folds6_9_s42,,3a699263887bdbcd8f163c02956f694ab53fb5264294942bd180a8c9fd7d1039,1
2026-04-17,1,1750.79,legacy_he24_v1,legacy_carried,unknown,,0,0,legacy_published,0.0,,retained_irrecoverable_source_gaps,reset_backfill_two_lake_v1,,76396b98840c0ed7967863e44733e96a09818baf9b1fff0d47f799b14c71b58c,
2026-04-17,2,201.46,ercot_he24_q4_v2,observed_complete,4/4,,0,0,none,0.0,,historical_q4_replay,current_lake_20260706_he24_q4_v2_settled_folds6_9_s42,,3a699263887bdbcd8f163c02956f694ab53fb5264294942bd180a8c9fd7d1039,1
2026-04-18,1,-1791.17,legacy_he24_v1,legacy_carried,unknown,,0,0,legacy_published,0.0,,retained_irrecoverable_source_gaps,reset_backfill_two_lake_v1,,76396b98840c0ed7967863e44733e96a09818baf9b1fff0d47f799b14c71b58c,
2026-04-18,2,-4.00,ercot_he24_q4_v2,observed_complete,4/4,,0,0,none,0.0,,historical_q4_replay,current_lake_20260706_he24_q4_v2_settled_folds6_9_s42,,3a699263887bdbcd8f163c02956f694ab53fb5264294942bd180a8c9fd7d1039,1
2026-04-19,1,-3871.33,legacy_he24_v1,legacy_carried,unknown,,0,0,legacy_published,0.0,,retained_irrecoverable_source_gaps,reset_backfill_two_lake_v1,,76396b98840c0ed7967863e44733e96a09818baf9b1fff0d47f799b14c71b58c,
2026-04-19,2,-4.88,ercot_he24_q4_v2,observed_complete,4/4,,0,0,none,0.0,,historical_q4_replay,current_lake_20260706_he24_q4_v2_settled_folds6_9_s42,,3a699263887bdbcd8f163c02956f694ab53fb5264294942bd180a8c9fd7d1039,1
2026-04-20,1,-5588.20,legacy_he24_v1,legacy_carried,unknown,,0,0,legacy_published,0.0,,retained_irrecoverable_source_gaps,reset_backfill_two_lake_v1,,76396b98840c0ed7967863e44733e96a09818baf9b1fff0d47f799b14c71b58c,
2026-04-20,2,-848.70,ercot_he24_q4_v2,observed_complete,4/4,,0,0,none,0.0,,historical_q4_replay,current_lake_20260706_he24_q4_v2_settled_folds6_9_s42,,3a699263887bdbcd8f163c02956f694ab53fb5264294942bd180a8c9fd7d1039,1
2026-04-21,1,7058.71,legacy_he24_v1,legacy_carried,unknown,,0,0,legacy_published,0.0,,retained_irrecoverable_source_gaps,reset_backfill_two_lake_v1,,76396b98840c0ed7967863e44733e96a09818baf9b1fff0d47f799b14c71b58c,
2026-04-21,2,29.21,ercot_he24_q4_v2,observed_complete,4/4,,0,0,none,0.0,,historical_q4_replay,current_lake_20260706_he24_q4_v2_settled_folds6_9_s42,,3a699263887bdbcd8f163c02956f694ab53fb5264294942bd180a8c9fd7d1039,1
2026-04-22,1,-1726.45,legacy_he24_v1,legacy_carried,unknown,,0,0,legacy_published,0.0,,retained_irrecoverable_source_gaps,reset_backfill_two_lake_v1,,76396b98840c0ed7967863e44733e96a09818baf9b1fff0d47f799b14c71b58c,
2026-04-22,2,-229.92,ercot_he24_q4_v2,observed_complete,4/4,,0,0,none,0.0,,historical_q4_replay,current_lake_20260706_he24_q4_v2_settled_folds6_9_s42,,3a699263887bdbcd8f163c02956f694ab53fb5264294942bd180a8c9fd7d1039,1
2026-04-23,1,-1499.17,legacy_he24_v1,legacy_carried,unknown,,0,0,legacy_published,0.0,,retained_irrecoverable_source_gaps,reset_backfill_two_lake_v1,,76396b98840c0ed7967863e44733e96a09818baf9b1fff0d47f799b14c71b58c,
2026-04-23,2,117.52,ercot_he24_q4_v2,observed_complete,4/4,,0,0,none,0.0,,historical_q4_replay,current_lake_20260706_he24_q4_v2_settled_folds6_9_s42,,3a699263887bdbcd8f163c02956f694ab53fb5264294942bd180a8c9fd7d1039,1
2026-04-24,1,5715.02,legacy_he24_v1,legacy_carried,unknown,,0,0,legacy_published,0.0,,retained_irrecoverable_source_gaps,reset_backfill_two_lake_v1,,76396b98840c0ed7967863e44733e96a09818baf9b1fff0d47f799b14c71b58c,
2026-04-24,2,-317.00,ercot_he24_q4_v2,observed_complete,4/4,,0,0,none,0.0,,historical_q4_replay,current_lake_20260706_he24_q4_v2_settled_folds6_9_s42,,3a699263887bdbcd8f163c02956f694ab53fb5264294942bd180a8c9fd7d1039,1
2026-04-25,1,4111.92,legacy_he24_v1,legacy_carried,unknown,,0,0,legacy_published,0.0,,retained_irrecoverable_source_gaps,reset_backfill_two_lake_v1,,76396b98840c0ed7967863e44733e96a09818baf9b1fff0d47f799b14c71b58c,
2026-04-25,2,1705.01,ercot_he24_q4_v2,observed_complete,4/4,,0,0,none,0.0,,historical_q4_replay,current_lake_20260706_he24_q4_v2_settled_folds6_9_s42,,3a699263887bdbcd8f163c02956f694ab53fb5264294942bd180a8c9fd7d1039,1
2026-04-26,1,9815.60,legacy_he24_v1,legacy_carried,unknown,,0,0,legacy_published,0.0,,retained_irrecoverable_source_gaps,reset_backfill_two_lake_v1,,76396b98840c0ed7967863e44733e96a09818baf9b1fff0d47f799b14c71b58c,
2026-04-26,2,1966.21,ercot_he24_q4_v2,observed_complete,4/4,,0,0,none,0.0,,historical_q4_replay,current_lake_20260706_he24_q4_v2_settled_folds6_9_s42,,3a699263887bdbcd8f163c02956f694ab53fb5264294942bd180a8c9fd7d1039,1
2026-04-27,1,21488.14,legacy_he24_v1,legacy_carried,unknown,,0,0,legacy_published,0.0,,retained_irrecoverable_source_gaps,reset_backfill_two_lake_v1,,76396b98840c0ed7967863e44733e96a09818baf9b1fff0d47f799b14c71b58c,
2026-04-27,2,3942.13,ercot_he24_q4_v2,observed_complete,4/4,,0,0,none,0.0,,historical_q4_replay,current_lake_20260706_he24_q4_v2_settled_folds6_9_s42,,3a699263887bdbcd8f163c02956f694ab53fb5264294942bd180a8c9fd7d1039,1
2026-04-28,1,19971.42,legacy_he24_v1,legacy_carried,unknown,,0,0,legacy_published,0.0,,retained_irrecoverable_source_gaps,reset_backfill_two_lake_v1,,76396b98840c0ed7967863e44733e96a09818baf9b1fff0d47f799b14c71b58c,
2026-04-28,2,4382.48,ercot_he24_q4_v2,observed_complete,4/4,,0,0,none,0.0,,historical_q4_replay,current_lake_20260706_he24_q4_v2_settled_folds6_9_s42,,3a699263887bdbcd8f163c02956f694ab53fb5264294942bd180a8c9fd7d1039,1
2026-04-29,1,3087.61,legacy_he24_v1,legacy_carried,unknown,,0,0,legacy_published,0.0,,retained_irrecoverable_source_gaps,reset_backfill_two_lake_v1,,76396b98840c0ed7967863e44733e96a09818baf9b1fff0d47f799b14c71b58c,
2026-04-29,2,573.38,ercot_he24_q4_v2,observed_complete,4/4,,0,0,none,0.0,,historical_q4_replay,current_lake_20260706_he24_q4_v2_settled_folds6_9_s42,,3a699263887bdbcd8f163c02956f694ab53fb5264294942bd180a8c9fd7d1039,1
2026-04-30,1,3949.32,legacy_he24_v1,legacy_carried,unknown,,0,0,legacy_published,0.0,,retained_irrecoverable_source_gaps,reset_backfill_two_lake_v1,,76396b98840c0ed7967863e44733e96a09818baf9b1fff0d47f799b14c71b58c,
2026-04-30,2,1283.85,ercot_he24_q4_v2,observed_complete,4/4,,0,0,none,0.0,,historical_q4_replay,current_lake_20260706_he24_q4_v2_settled_folds6_9_s42,,3a699263887bdbcd8f163c02956f694ab53fb5264294942bd180a8c9fd7d1039,1
2026-05-01,1,-14077.32,legacy_he24_v1,legacy_carried,unknown,,0,0,legacy_published,0.0,,retained_irrecoverable_source_gaps,reset_backfill_two_lake_v1,,76396b98840c0ed7967863e44733e96a09818baf9b1fff0d47f799b14c71b58c,
2026-05-01,2,-386.76,ercot_he24_q4_v2,historical_estimate,1/4,10:15|10:30|11:00|12:00|13:00|13:15|13:30|14:30|14:45|16:00,82,82,mean_observed_rt_intervals,63.5,,historical_q4_estimate,current_lake_20260706_he24_q4_v2_settled_folds6_9_s42,,3a699263887bdbcd8f163c02956f694ab53fb5264294942bd180a8c9fd7d1039,1
2026-05-02,1,8803.95,legacy_he24_v1,legacy_carried,unknown,,0,0,legacy_published,0.0,,retained_irrecoverable_source_gaps,reset_backfill_two_lake_v1,,76396b98840c0ed7967863e44733e96a09818baf9b1fff0d47f799b14c71b58c,
2026-05-02,2,1583.26,ercot_he24_q4_v2,historical_estimate,0/4,07:45|08:00|08:15|08:30|08:45|09:00|09:15|09:30|09:45|10:00|10:15|10:45|11:00|11:15|11:30|11:45|12:00|12:15|12:30|12:45|13:00|13:15|17:15|17:30|17:45|18:00|18:15|18:30|18:45|19:00|19:15|19:30|19:45|20:00|20:15|20:30|20:45|21:00|21:15|21:30|21:45|22:00|22:15,129,129,da_proxy_then_nearest_pair_hour,215.0,,historical_q4_estimate,current_lake_20260706_he24_q4_v2_settled_folds6_9_s42,,3a699263887bdbcd8f163c02956f694ab53fb5264294942bd180a8c9fd7d1039,1
2026-05-03,1,12000.35,legacy_he24_v1,legacy_carried,unknown,,0,0,legacy_published,0.0,,retained_irrecoverable_source_gaps,reset_backfill_two_lake_v1,,76396b98840c0ed7967863e44733e96a09818baf9b1fff0d47f799b14c71b58c,
2026-05-03,2,2606.68,ercot_he24_q4_v2,observed_complete,4/4,,0,0,none,0.0,2026-05-01,historical_q4_replay,current_lake_20260706_he24_q4_v2_settled_folds6_9_s42,2026-05-01,3a699263887bdbcd8f163c02956f694ab53fb5264294942bd180a8c9fd7d1039,1
2026-05-04,1,3734.63,legacy_he24_v1,legacy_carried,unknown,,0,0,legacy_published,0.0,,retained_irrecoverable_source_gaps,reset_backfill_two_lake_v1,,76396b98840c0ed7967863e44733e96a09818baf9b1fff0d47f799b14c71b58c,
2026-05-04,2,244.62,ercot_he24_q4_v2,historical_estimate,0/4,17:15|18:30|18:45|19:15|19:30|19:45|20:00|20:15|20:30|20:45|21:00|21:15|21:30|21:45|22:00|22:15|22:30|22:45|23:00|23:15|23:30|23:45|24:00,82,82,da_proxy_then_nearest_pair_hour,141.5,,historical_q4_estimate,current_lake_20260706_he24_q4_v2_settled_folds6_9_s42,,3a699263887bdbcd8f163c02956f694ab53fb5264294942bd180a8c9fd7d1039,1
2026-05-05,1,5279.69,legacy_he24_v1,legacy_carried,unknown,,0,0,legacy_published,0.0,,retained_irrecoverable_source_gaps,reset_backfill_two_lake_v1,,76396b98840c0ed7967863e44733e96a09818baf9b1fff0d47f799b14c71b58c,
2026-05-05,2,1407.12,ercot_he24_q4_v2,historical_estimate,0/4,00:45|01:00|01:15|01:30|01:45|02:30|02:45|03:45|04:00|04:15|04:30|04:45|05:00|05:15|05:30|05:45|06:00|06:15|06:30|06:45|07:15|07:30|07:45|08:30|08:45|09:30|09:45|10:00|10:15|10:30|10:45|11:00|11:15|11:30|11:45|12:00|12:15|12:30,181,181,da_proxy_then_nearest_pair_hour,262.5,,historical_q4_estimate,current_lake_20260706_he24_q4_v2_settled_folds6_9_s42,,3a699263887bdbcd8f163c02956f694ab53fb5264294942bd180a8c9fd7d1039,1
2026-05-06,1,30659.58,legacy_he24_v1,legacy_carried,unknown,,0,0,legacy_published,0.0,,retained_irrecoverable_source_gaps,reset_backfill_two_lake_v1,,76396b98840c0ed7967863e44733e96a09818baf9b1fff0d47f799b14c71b58c,
2026-05-06,2,4495.26,ercot_he24_q4_v2,observed_complete,4/4,,0,0,none,0.0,2026-05-01,historical_q4_replay,current_lake_20260706_he24_q4_v2_settled_folds6_9_s42,2026-05-01,3a699263887bdbcd8f163c02956f694ab53fb5264294942bd180a8c9fd7d1039,1
2026-05-07,1,3898.11,legacy_he24_v1,legacy_carried,unknown,,0,0,legacy_published,0.0,,retained_irrecoverable_source_gaps,reset_backfill_two_lake_v1,,76396b98840c0ed7967863e44733e96a09818baf9b1fff0d47f799b14c71b58c,
2026-05-07,2,708.69,ercot_he24_q4_v2,observed_complete,4/4,,0,0,none,0.0,2026-05-01,historical_q4_replay,current_lake_20260706_he24_q4_v2_settled_folds6_9_s42,2026-05-01,3a699263887bdbcd8f163c02956f694ab53fb5264294942bd180a8c9fd7d1039,1
2026-05-08,1,-3062.43,legacy_he24_v1,legacy_carried,unknown,,0,0,legacy_published,0.0,,retained_irrecoverable_source_gaps,reset_backfill_two_lake_v1,,76396b98840c0ed7967863e44733e96a09818baf9b1fff0d47f799b14c71b58c,
2026-05-08,2,-759.19,ercot_he24_q4_v2,observed_complete,4/4,,0,0,none,0.0,2026-05-01,historical_q4_replay,current_lake_20260706_he24_q4_v2_settled_folds6_9_s42,2026-05-01,3a699263887bdbcd8f163c02956f694ab53fb5264294942bd180a8c9fd7d1039,1
2026-05-09,1,2804.53,legacy_he24_v1,legacy_carried,unknown,,0,0,legacy_published,0.0,,retained_irrecoverable_source_gaps,reset_backfill_two_lake_v1,,76396b98840c0ed7967863e44733e96a09818baf9b1fff0d47f799b14c71b58c,
2026-05-09,2,-391.90,ercot_he24_q4_v2,observed_complete,4/4,,0,0,none,0.0,2026-05-01,historical_q4_replay,current_lake_20260706_he24_q4_v2_settled_folds6_9_s42,2026-05-01,3a699263887bdbcd8f163c02956f694ab53fb5264294942bd180a8c9fd7d1039,1
2026-05-10,1,9074.88,legacy_he24_v1,legacy_carried,unknown,,0,0,legacy_published,0.0,,retained_irrecoverable_source_gaps,reset_backfill_two_lake_v1,,76396b98840c0ed7967863e44733e96a09818baf9b1fff0d47f799b14c71b58c,
2026-05-10,2,1376.23,ercot_he24_q4_v2,observed_complete,4/4,,0,0,none,0.0,2026-05-01,historical_q4_replay,current_lake_20260706_he24_q4_v2_settled_folds6_9_s42,2026-05-01,3a699263887bdbcd8f163c02956f694ab53fb5264294942bd180a8c9fd7d1039,1
2026-05-11,1,2845.13,legacy_he24_v1,legacy_carried,unknown,,0,0,legacy_published,0.0,,retained_irrecoverable_source_gaps,reset_backfill_two_lake_v1,,76396b98840c0ed7967863e44733e96a09818baf9b1fff0d47f799b14c71b58c,
2026-05-11,2,2989.00,ercot_he24_q4_v2,observed_complete,4/4,,0,0,none,0.0,,historical_q4_replay,current_lake_20260706_he24_q4_v2_settled_folds6_9_s42,,3a699263887bdbcd8f163c02956f694ab53fb5264294942bd180a8c9fd7d1039,1
2026-05-12,1,2367.86,legacy_he24_v1,legacy_carried,unknown,,0,0,legacy_published,0.0,,retained_irrecoverable_source_gaps,reset_backfill_two_lake_v1,,76396b98840c0ed7967863e44733e96a09818baf9b1fff0d47f799b14c71b58c,
2026-05-12,2,1684.16,ercot_he24_q4_v2,observed_complete,4/4,,0,0,none,0.0,,historical_q4_replay,current_lake_20260706_he24_q4_v2_settled_folds6_9_s42,,3a699263887bdbcd8f163c02956f694ab53fb5264294942bd180a8c9fd7d1039,1
2026-05-13,1,3643.35,legacy_he24_v1,legacy_carried,unknown,,0,0,legacy_published,0.0,,retained_irrecoverable_source_gaps,reset_backfill_two_lake_v1,,76396b98840c0ed7967863e44733e96a09818baf9b1fff0d47f799b14c71b58c,
2026-05-13,2,471.80,ercot_he24_q4_v2,observed_complete,4/4,,0,0,none,0.0,,historical_q4_replay,current_lake_20260706_he24_q4_v2_settled_folds6_9_s42,,3a699263887bdbcd8f163c02956f694ab53fb5264294942bd180a8c9fd7d1039,1
2026-05-14,1,1247.67,legacy_he24_v1,legacy_carried,unknown,,0,0,legacy_published,0.0,,retained_irrecoverable_source_gaps,reset_backfill_two_lake_v1,,76396b98840c0ed7967863e44733e96a09818baf9b1fff0d47f799b14c71b58c,
2026-05-14,2,-16.40,ercot_he24_q4_v2,observed_complete,4/4,,0,0,none,0.0,,historical_q4_replay,current_lake_20260706_he24_q4_v2_settled_folds6_9_s42,,3a699263887bdbcd8f163c02956f694ab53fb5264294942bd180a8c9fd7d1039,1
2026-05-15,1,-64.97,legacy_he24_v1,legacy_carried,unknown,,0,0,legacy_published,0.0,,retained_irrecoverable_source_gaps,reset_backfill_two_lake_v1,,76396b98840c0ed7967863e44733e96a09818baf9b1fff0d47f799b14c71b58c,
2026-05-15,2,1431.31,ercot_he24_q4_v2,observed_complete,4/4,,0,0,none,0.0,,historical_q4_replay,current_lake_20260706_he24_q4_v2_settled_folds6_9_s42,,3a699263887bdbcd8f163c02956f694ab53fb5264294942bd180a8c9fd7d1039,1
2026-05-16,1,6364.75,legacy_he24_v1,legacy_carried,unknown,,0,0,legacy_published,0.0,,retained_irrecoverable_source_gaps,reset_backfill_two_lake_v1,,76396b98840c0ed7967863e44733e96a09818baf9b1fff0d47f799b14c71b58c,
2026-05-16,2,1262.36,ercot_he24_q4_v2,observed_complete,4/4,,0,0,none,0.0,,historical_q4_replay,current_lake_20260706_he24_q4_v2_settled_folds6_9_s42,,3a699263887bdbcd8f163c02956f694ab53fb5264294942bd180a8c9fd7d1039,1
2026-05-17,1,4162.53,legacy_he24_v1,legacy_carried,unknown,,0,0,legacy_published,0.0,,retained_irrecoverable_source_gaps,reset_backfill_two_lake_v1,,76396b98840c0ed7967863e44733e96a09818baf9b1fff0d47f799b14c71b58c,
2026-05-17,2,1177.79,ercot_he24_q4_v2,observed_complete,4/4,,0,0,none,0.0,,historical_q4_replay,current_lake_20260706_he24_q4_v2_settled_folds6_9_s42,,3a699263887bdbcd8f163c02956f694ab53fb5264294942bd180a8c9fd7d1039,1
2026-05-18,1,4746.83,legacy_he24_v1,legacy_carried,unknown,,0,0,legacy_published,0.0,,retained_irrecoverable_source_gaps,reset_backfill_two_lake_v1,,76396b98840c0ed7967863e44733e96a09818baf9b1fff0d47f799b14c71b58c,
2026-05-18,2,469.02,ercot_he24_q4_v2,observed_complete,4/4,,0,0,none,0.0,,historical_q4_replay,current_lake_20260706_he24_q4_v2_settled_folds6_9_s42,,3a699263887bdbcd8f163c02956f694ab53fb5264294942bd180a8c9fd7d1039,1
2026-05-19,1,8643.36,legacy_he24_v1,legacy_carried,unknown,,0,0,legacy_published,0.0,,retained_irrecoverable_source_gaps,reset_backfill_two_lake_v1,,76396b98840c0ed7967863e44733e96a09818baf9b1fff0d47f799b14c71b58c,
2026-05-19,2,934.90,ercot_he24_q4_v2,observed_complete,4/4,,0,0,none,0.0,,historical_q4_replay,current_lake_20260706_he24_q4_v2_settled_folds6_9_s42,,3a699263887bdbcd8f163c02956f694ab53fb5264294942bd180a8c9fd7d1039,1
2026-05-20,1,8422.62,legacy_he24_v1,legacy_carried,unknown,,0,0,legacy_published,0.0,,retained_irrecoverable_source_gaps,reset_backfill_two_lake_v1,,76396b98840c0ed7967863e44733e96a09818baf9b1fff0d47f799b14c71b58c,
2026-05-20,2,1645.00,ercot_he24_q4_v2,observed_complete,4/4,,0,0,none,0.0,,historical_q4_replay,current_lake_20260706_he24_q4_v2_settled_folds6_9_s42,,3a699263887bdbcd8f163c02956f694ab53fb5264294942bd180a8c9fd7d1039,1
2026-05-21,1,-8082.09,legacy_he24_v1,legacy_carried,unknown,,0,0,legacy_published,0.0,,retained_irrecoverable_source_gaps,reset_backfill_two_lake_v1,,76396b98840c0ed7967863e44733e96a09818baf9b1fff0d47f799b14c71b58c,
2026-05-21,2,611.96,ercot_he24_q4_v2,observed_complete,4/4,,0,0,none,0.0,,historical_q4_replay,current_lake_20260706_he24_q4_v2_settled_folds6_9_s42,,3a699263887bdbcd8f163c02956f694ab53fb5264294942bd180a8c9fd7d1039,1
2026-05-22,1,7348.01,legacy_he24_v1,legacy_carried,unknown,,0,0,legacy_published,0.0,,retained_irrecoverable_source_gaps,reset_backfill_two_lake_v1,,76396b98840c0ed7967863e44733e96a09818baf9b1fff0d47f799b14c71b58c,
2026-05-22,2,992.67,ercot_he24_q4_v2,observed_complete,4/4,,0,0,none,0.0,,historical_q4_replay,current_lake_20260706_he24_q4_v2_settled_folds6_9_s42,,3a699263887bdbcd8f163c02956f694ab53fb5264294942bd180a8c9fd7d1039,1
2026-05-23,1,191.40,legacy_he24_v1,legacy_carried,unknown,,0,0,legacy_published,0.0,,retained_irrecoverable_source_gaps,reset_backfill_two_lake_v1,,76396b98840c0ed7967863e44733e96a09818baf9b1fff0d47f799b14c71b58c,
2026-05-23,2,182.91,ercot_he24_q4_v2,observed_complete,4/4,,0,0,none,0.0,,historical_q4_replay,current_lake_20260706_he24_q4_v2_settled_folds6_9_s42,,3a699263887bdbcd8f163c02956f694ab53fb5264294942bd180a8c9fd7d1039,1
2026-05-24,1,13702.83,legacy_he24_v1,legacy_carried,unknown,,0,0,legacy_published,0.0,,retained_irrecoverable_source_gaps,reset_backfill_two_lake_v1,,76396b98840c0ed7967863e44733e96a09818baf9b1fff0d47f799b14c71b58c,
2026-05-24,2,1914.86,ercot_he24_q4_v2,observed_complete,4/4,,0,0,none,0.0,,historical_q4_replay,current_lake_20260706_he24_q4_v2_settled_folds6_9_s42,,3a699263887bdbcd8f163c02956f694ab53fb5264294942bd180a8c9fd7d1039,1
2026-05-25,1,7740.55,legacy_he24_v1,legacy_carried,unknown,,0,0,legacy_published,0.0,,retained_irrecoverable_source_gaps,reset_backfill_two_lake_v1,,76396b98840c0ed7967863e44733e96a09818baf9b1fff0d47f799b14c71b58c,
2026-05-25,2,970.02,ercot_he24_q4_v2,observed_complete,4/4,,0,0,none,0.0,,historical_q4_replay,current_lake_20260706_he24_q4_v2_settled_folds6_9_s42,,3a699263887bdbcd8f163c02956f694ab53fb5264294942bd180a8c9fd7d1039,1
2026-05-26,1,-5628.67,legacy_he24_v1,legacy_carried,unknown,,0,0,legacy_published,0.0,,retained_irrecoverable_source_gaps,reset_backfill_two_lake_v1,,76396b98840c0ed7967863e44733e96a09818baf9b1fff0d47f799b14c71b58c,
2026-05-26,2,-48.88,ercot_he24_q4_v2,observed_complete,4/4,,0,0,none,0.0,,historical_q4_replay,current_lake_20260706_he24_q4_v2_settled_folds6_9_s42,,3a699263887bdbcd8f163c02956f694ab53fb5264294942bd180a8c9fd7d1039,1
2026-05-27,1,22306.96,legacy_he24_v1,legacy_carried,unknown,,0,0,legacy_published,0.0,,retained_irrecoverable_source_gaps,reset_backfill_two_lake_v1,,76396b98840c0ed7967863e44733e96a09818baf9b1fff0d47f799b14c71b58c,
2026-05-27,2,3236.73,ercot_he24_q4_v2,observed_complete,4/4,,0,0,none,0.0,,historical_q4_replay,current_lake_20260706_he24_q4_v2_settled_folds6_9_s42,,3a699263887bdbcd8f163c02956f694ab53fb5264294942bd180a8c9fd7d1039,1
2026-05-28,1,195.01,legacy_he24_v1,legacy_carried,unknown,,0,0,legacy_published,0.0,,retained_irrecoverable_source_gaps,reset_backfill_two_lake_v1,,76396b98840c0ed7967863e44733e96a09818baf9b1fff0d47f799b14c71b58c,
2026-05-28,2,513.20,ercot_he24_q4_v2,observed_complete,4/4,,0,0,none,0.0,,historical_q4_replay,current_lake_20260706_he24_q4_v2_settled_folds6_9_s42,,3a699263887bdbcd8f163c02956f694ab53fb5264294942bd180a8c9fd7d1039,1
2026-05-29,1,5793.01,legacy_he24_v1,legacy_carried,unknown,,0,0,legacy_published,0.0,,retained_irrecoverable_source_gaps,reset_backfill_two_lake_v1,,76396b98840c0ed7967863e44733e96a09818baf9b1fff0d47f799b14c71b58c,
2026-05-29,2,-68.61,ercot_he24_q4_v2,observed_complete,4/4,,0,0,none,0.0,,historical_q4_replay,current_lake_20260706_he24_q4_v2_settled_folds6_9_s42,,3a699263887bdbcd8f163c02956f694ab53fb5264294942bd180a8c9fd7d1039,1
2026-05-30,1,-10845.71,legacy_he24_v1,legacy_carried,unknown,,0,0,legacy_published,0.0,,retained_irrecoverable_source_gaps,reset_backfill_two_lake_v1,,76396b98840c0ed7967863e44733e96a09818baf9b1fff0d47f799b14c71b58c,
2026-05-30,2,-2200.70,ercot_he24_q4_v2,observed_complete,4/4,,0,0,none,0.0,,historical_q4_replay,current_lake_20260706_he24_q4_v2_settled_folds6_9_s42,,3a699263887bdbcd8f163c02956f694ab53fb5264294942bd180a8c9fd7d1039,1
2026-05-31,1,1454.37,legacy_he24_v1,legacy_carried,unknown,,0,0,legacy_published,0.0,,retained_irrecoverable_source_gaps,reset_backfill_two_lake_v1,,76396b98840c0ed7967863e44733e96a09818baf9b1fff0d47f799b14c71b58c,
2026-05-31,2,241.22,ercot_he24_q4_v2,observed_complete,4/4,,0,0,none,0.0,,historical_q4_replay,current_lake_20260706_he24_q4_v2_settled_folds6_9_s42,,3a699263887bdbcd8f163c02956f694ab53fb5264294942bd180a8c9fd7d1039,1
2026-06-01,1,-2841.74,legacy_he24_v1,legacy_carried,unknown,,0,0,legacy_published,0.0,,retained_irrecoverable_source_gaps,reset_backfill_two_lake_v1,,76396b98840c0ed7967863e44733e96a09818baf9b1fff0d47f799b14c71b58c,
2026-06-01,2,-16.36,ercot_he24_q4_v2,observed_complete,4/4,,0,0,none,0.0,,historical_q4_replay,current_lake_20260706_he24_q4_v2_settled_folds6_9_s42,,3a699263887bdbcd8f163c02956f694ab53fb5264294942bd180a8c9fd7d1039,1
2026-06-02,1,-3255.58,legacy_he24_v1,legacy_carried,unknown,,0,0,legacy_published,0.0,,retained_irrecoverable_source_gaps,reset_backfill_two_lake_v1,,76396b98840c0ed7967863e44733e96a09818baf9b1fff0d47f799b14c71b58c,
2026-06-02,2,17.78,ercot_he24_q4_v2,observed_complete,4/4,,0,0,none,0.0,,historical_q4_replay,current_lake_20260706_he24_q4_v2_settled_folds6_9_s42,,3a699263887bdbcd8f163c02956f694ab53fb5264294942bd180a8c9fd7d1039,1
2026-06-03,1,8731.63,legacy_he24_v1,legacy_carried,unknown,,0,0,legacy_published,0.0,,retained_irrecoverable_source_gaps,reset_backfill_two_lake_v1,,76396b98840c0ed7967863e44733e96a09818baf9b1fff0d47f799b14c71b58c,
2026-06-03,2,-79.61,ercot_he24_q4_v2,observed_complete,4/4,,0,0,none,0.0,,historical_q4_replay,current_lake_20260706_he24_q4_v2_settled_folds6_9_s42,,3a699263887bdbcd8f163c02956f694ab53fb5264294942bd180a8c9fd7d1039,1
2026-06-04,1,10488.32,legacy_he24_v1,legacy_carried,unknown,,0,0,legacy_published,0.0,,retained_irrecoverable_source_gaps,reset_backfill_two_lake_v1,,76396b98840c0ed7967863e44733e96a09818baf9b1fff0d47f799b14c71b58c,
2026-06-04,2,856.88,ercot_he24_q4_v2,historical_estimate,3/4,15:45,14,14,mean_observed_rt_intervals,7.0,,historical_q4_estimate,current_lake_20260706_he24_q4_v2_settled_folds6_9_s42,,3a699263887bdbcd8f163c02956f694ab53fb5264294942bd180a8c9fd7d1039,1
2026-06-05,1,-4087.60,legacy_he24_v1,legacy_carried,unknown,,0,0,legacy_published,0.0,,retained_irrecoverable_source_gaps,reset_backfill_two_lake_v1,,76396b98840c0ed7967863e44733e96a09818baf9b1fff0d47f799b14c71b58c,
2026-06-05,2,-938.84,ercot_he24_q4_v2,observed_complete,4/4,,0,0,none,0.0,2026-06-04,historical_q4_replay,current_lake_20260706_he24_q4_v2_settled_folds6_9_s42,2026-06-04,3a699263887bdbcd8f163c02956f694ab53fb5264294942bd180a8c9fd7d1039,1
2026-06-06,1,39484.35,legacy_he24_v1,legacy_carried,unknown,,0,0,legacy_published,0.0,,retained_irrecoverable_source_gaps,reset_backfill_two_lake_v1,,76396b98840c0ed7967863e44733e96a09818baf9b1fff0d47f799b14c71b58c,
2026-06-06,2,3324.17,ercot_he24_q4_v2,observed_complete,4/4,,0,0,none,0.0,2026-06-04,historical_q4_replay,current_lake_20260706_he24_q4_v2_settled_folds6_9_s42,2026-06-04,3a699263887bdbcd8f163c02956f694ab53fb5264294942bd180a8c9fd7d1039,1
2026-06-07,1,6784.98,legacy_he24_v1,legacy_carried,unknown,,0,0,legacy_published,0.0,,retained_irrecoverable_source_gaps,reset_backfill_two_lake_v1,,76396b98840c0ed7967863e44733e96a09818baf9b1fff0d47f799b14c71b58c,
2026-06-07,2,-2261.67,ercot_he24_q4_v2,observed_complete,4/4,,0,0,none,0.0,2026-06-04,historical_q4_replay,current_lake_20260706_he24_q4_v2_settled_folds6_9_s42,2026-06-04,3a699263887bdbcd8f163c02956f694ab53fb5264294942bd180a8c9fd7d1039,1
2026-06-08,1,22057.39,legacy_he24_v1,legacy_carried,unknown,,0,0,legacy_published,0.0,,retained_irrecoverable_source_gaps,reset_backfill_two_lake_v1,,76396b98840c0ed7967863e44733e96a09818baf9b1fff0d47f799b14c71b58c,
2026-06-08,2,1631.85,ercot_he24_q4_v2,observed_complete,4/4,,0,0,none,0.0,2026-06-04,historical_q4_replay,current_lake_20260706_he24_q4_v2_settled_folds6_9_s42,2026-06-04,3a699263887bdbcd8f163c02956f694ab53fb5264294942bd180a8c9fd7d1039,1
2026-06-09,1,25337.51,legacy_he24_v1,legacy_carried,unknown,,0,0,legacy_published,0.0,,retained_irrecoverable_source_gaps,reset_backfill_two_lake_v1,,76396b98840c0ed7967863e44733e96a09818baf9b1fff0d47f799b14c71b58c,
2026-06-09,2,1596.18,ercot_he24_q4_v2,observed_complete,4/4,,0,0,none,0.0,2026-06-04,historical_q4_replay,current_lake_20260706_he24_q4_v2_settled_folds6_9_s42,2026-06-04,3a699263887bdbcd8f163c02956f694ab53fb5264294942bd180a8c9fd7d1039,1
2026-06-10,1,25553.32,legacy_he24_v1,legacy_carried,unknown,,0,0,legacy_published,0.0,,retained_irrecoverable_source_gaps,reset_backfill_two_lake_v1,,76396b98840c0ed7967863e44733e96a09818baf9b1fff0d47f799b14c71b58c,
2026-06-10,2,2217.28,ercot_he24_q4_v2,observed_complete,4/4,,0,0,none,0.0,2026-06-04,historical_q4_replay,current_lake_20260706_he24_q4_v2_settled_folds6_9_s42,2026-06-04,3a699263887bdbcd8f163c02956f694ab53fb5264294942bd180a8c9fd7d1039,1
2026-06-11,1,25688.85,legacy_he24_v1,legacy_carried,unknown,,0,0,legacy_published,0.0,,retained_irrecoverable_source_gaps,reset_backfill_two_lake_v1,,76396b98840c0ed7967863e44733e96a09818baf9b1fff0d47f799b14c71b58c,
2026-06-11,2,2532.42,ercot_he24_q4_v2,observed_complete,4/4,,0,0,none,0.0,2026-06-04,historical_q4_replay,current_lake_20260706_he24_q4_v2_settled_folds6_9_s42,2026-06-04,3a699263887bdbcd8f163c02956f694ab53fb5264294942bd180a8c9fd7d1039,1
2026-06-12,1,15635.97,legacy_he24_v1,legacy_carried,unknown,,0,0,legacy_published,0.0,,retained_irrecoverable_source_gaps,reset_backfill_two_lake_v1,,76396b98840c0ed7967863e44733e96a09818baf9b1fff0d47f799b14c71b58c,
2026-06-12,2,2807.96,ercot_he24_q4_v2,observed_complete,4/4,,0,0,none,0.0,2026-06-04,historical_q4_replay,current_lake_20260706_he24_q4_v2_settled_folds6_9_s42,2026-06-04,3a699263887bdbcd8f163c02956f694ab53fb5264294942bd180a8c9fd7d1039,1
2026-06-13,1,16706.25,legacy_he24_v1,legacy_carried,unknown,,0,0,legacy_published,0.0,,retained_irrecoverable_source_gaps,reset_backfill_two_lake_v1,,76396b98840c0ed7967863e44733e96a09818baf9b1fff0d47f799b14c71b58c,
2026-06-13,2,3571.69,ercot_he24_q4_v2,observed_complete,4/4,,0,0,none,0.0,2026-06-04,historical_q4_replay,current_lake_20260706_he24_q4_v2_settled_folds6_9_s42,2026-06-04,3a699263887bdbcd8f163c02956f694ab53fb5264294942bd180a8c9fd7d1039,1
2026-06-14,1,9519.46,legacy_he24_v1,legacy_carried,unknown,,0,0,legacy_published,0.0,,retained_irrecoverable_source_gaps,reset_backfill_two_lake_v1,,76396b98840c0ed7967863e44733e96a09818baf9b1fff0d47f799b14c71b58c,
2026-06-14,2,1087.24,ercot_he24_q4_v2,observed_complete,4/4,,0,0,none,0.0,2026-06-04,historical_q4_replay,current_lake_20260706_he24_q4_v2_settled_folds6_9_s42,2026-06-04,3a699263887bdbcd8f163c02956f694ab53fb5264294942bd180a8c9fd7d1039,1
2026-06-15,1,45550.67,legacy_he24_v1,legacy_carried,unknown,,0,0,legacy_published,0.0,,retained_irrecoverable_source_gaps,reset_backfill_two_lake_v1,,76396b98840c0ed7967863e44733e96a09818baf9b1fff0d47f799b14c71b58c,
2026-06-15,2,1792.63,ercot_he24_q4_v2,observed_complete,4/4,,0,0,none,0.0,2026-06-04,historical_q4_replay,current_lake_20260706_he24_q4_v2_settled_folds6_9_s42,2026-06-04,3a699263887bdbcd8f163c02956f694ab53fb5264294942bd180a8c9fd7d1039,1
2026-06-16,1,46944.77,legacy_he24_v1,legacy_carried,unknown,,0,0,legacy_published,0.0,,retained_irrecoverable_source_gaps,reset_backfill_two_lake_v1,,76396b98840c0ed7967863e44733e96a09818baf9b1fff0d47f799b14c71b58c,
2026-06-16,2,2116.70,ercot_he24_q4_v2,observed_complete,4/4,,0,0,none,0.0,2026-06-04,historical_q4_replay,current_lake_20260706_he24_q4_v2_settled_folds6_9_s42,2026-06-04,3a699263887bdbcd8f163c02956f694ab53fb5264294942bd180a8c9fd7d1039,1
2026-06-17,1,8332.25,legacy_he24_v1,legacy_carried,unknown,,0,0,legacy_published,0.0,,retained_irrecoverable_source_gaps,reset_backfill_two_lake_v1,,76396b98840c0ed7967863e44733e96a09818baf9b1fff0d47f799b14c71b58c,
2026-06-17,2,477.10,ercot_he24_q4_v2,observed_complete,4/4,,0,0,none,0.0,2026-06-04,historical_q4_replay,current_lake_20260706_he24_q4_v2_settled_folds6_9_s42,2026-06-04,3a699263887bdbcd8f163c02956f694ab53fb5264294942bd180a8c9fd7d1039,1
2026-06-18,1,46704.40,legacy_he24_v1,legacy_carried,unknown,,0,0,legacy_published,0.0,,retained_irrecoverable_source_gaps,reset_backfill_two_lake_v1,,76396b98840c0ed7967863e44733e96a09818baf9b1fff0d47f799b14c71b58c,
2026-06-18,2,5023.40,ercot_he24_q4_v2,observed_complete,4/4,,0,0,none,0.0,2026-06-04,historical_q4_replay,current_lake_20260706_he24_q4_v2_settled_folds6_9_s42,2026-06-04,3a699263887bdbcd8f163c02956f694ab53fb5264294942bd180a8c9fd7d1039,1
2026-06-19,1,17931.32,legacy_he24_v1,legacy_carried,unknown,,0,0,legacy_published,0.0,,retained_irrecoverable_source_gaps,reset_backfill_two_lake_v1,,76396b98840c0ed7967863e44733e96a09818baf9b1fff0d47f799b14c71b58c,
2026-06-19,2,859.33,ercot_he24_q4_v2,observed_complete,4/4,,0,0,none,0.0,2026-06-04,historical_q4_replay,current_lake_20260706_he24_q4_v2_settled_folds6_9_s42,2026-06-04,3a699263887bdbcd8f163c02956f694ab53fb5264294942bd180a8c9fd7d1039,1
2026-06-20,1,39468.07,legacy_he24_v1,legacy_carried,unknown,,0,0,legacy_published,0.0,,retained_irrecoverable_source_gaps,reset_backfill_two_lake_v1,,76396b98840c0ed7967863e44733e96a09818baf9b1fff0d47f799b14c71b58c,
2026-06-20,2,3785.54,ercot_he24_q4_v2,observed_complete,4/4,,0,0,none,0.0,2026-06-04,historical_q4_replay,current_lake_20260706_he24_q4_v2_settled_folds6_9_s42,2026-06-04,3a699263887bdbcd8f163c02956f694ab53fb5264294942bd180a8c9fd7d1039,1
2026-06-21,1,26598.20,legacy_he24_v1,legacy_carried,unknown,,0,0,legacy_published,0.0,,retained_irrecoverable_source_gaps,reset_backfill_two_lake_v1,,76396b98840c0ed7967863e44733e96a09818baf9b1fff0d47f799b14c71b58c,
2026-06-21,2,3867.59,ercot_he24_q4_v2,observed_complete,4/4,,0,0,none,0.0,2026-06-04,historical_q4_replay,current_lake_20260706_he24_q4_v2_settled_folds6_9_s42,2026-06-04,3a699263887bdbcd8f163c02956f694ab53fb5264294942bd180a8c9fd7d1039,1
2026-06-22,1,15770.52,legacy_he24_v1,legacy_carried,unknown,,0,0,legacy_published,0.0,,retained_irrecoverable_source_gaps,reset_backfill_two_lake_v1,,76396b98840c0ed7967863e44733e96a09818baf9b1fff0d47f799b14c71b58c,
2026-06-22,2,2404.28,ercot_he24_q4_v2,observed_complete,4/4,,0,0,none,0.0,2026-06-04,historical_q4_replay,current_lake_20260706_he24_q4_v2_settled_folds6_9_s42,2026-06-04,3a699263887bdbcd8f163c02956f694ab53fb5264294942bd180a8c9fd7d1039,1
2026-06-23,1,40902.29,legacy_he24_v1,legacy_carried,unknown,,0,0,legacy_published,0.0,,retained_irrecoverable_source_gaps,reset_backfill_two_lake_v1,,76396b98840c0ed7967863e44733e96a09818baf9b1fff0d47f799b14c71b58c,
2026-06-23,2,4109.86,ercot_he24_q4_v2,observed_complete,4/4,,0,0,none,0.0,2026-06-04,historical_q4_replay,current_lake_20260706_he24_q4_v2_settled_folds6_9_s42,2026-06-04,3a699263887bdbcd8f163c02956f694ab53fb5264294942bd180a8c9fd7d1039,1
2026-06-24,1,8031.79,legacy_he24_v1,legacy_carried,unknown,,0,0,legacy_published,0.0,,retained_irrecoverable_source_gaps,reset_backfill_two_lake_v1,,76396b98840c0ed7967863e44733e96a09818baf9b1fff0d47f799b14c71b58c,
2026-06-24,2,179.99,ercot_he24_q4_v2,observed_complete,4/4,,0,0,none,0.0,,historical_q4_replay,current_lake_20260706_he24_q4_v2_settled_folds6_9_s42,,3a699263887bdbcd8f163c02956f694ab53fb5264294942bd180a8c9fd7d1039,1
2026-06-25,1,18640.57,legacy_he24_v1,legacy_carried,unknown,,0,0,legacy_published,0.0,,retained_irrecoverable_source_gaps,reset_backfill_two_lake_v1,,76396b98840c0ed7967863e44733e96a09818baf9b1fff0d47f799b14c71b58c,
2026-06-25,2,1607.26,ercot_he24_q4_v2,observed_complete,4/4,,0,0,none,0.0,,historical_q4_replay,current_lake_20260706_he24_q4_v2_settled_folds6_9_s42,,3a699263887bdbcd8f163c02956f694ab53fb5264294942bd180a8c9fd7d1039,1
2026-06-26,1,3116.90,legacy_he24_v1,legacy_carried,unknown,,0,0,legacy_published,0.0,,retained_irrecoverable_source_gaps,reset_backfill_two_lake_v1,,76396b98840c0ed7967863e44733e96a09818baf9b1fff0d47f799b14c71b58c,
2026-06-26,2,1457.56,ercot_he24_q4_v2,observed_complete,4/4,,0,0,none,0.0,,historical_q4_replay,current_lake_20260706_he24_q4_v2_settled_folds6_9_s42,,3a699263887bdbcd8f163c02956f694ab53fb5264294942bd180a8c9fd7d1039,1
2026-06-27,1,17892.34,legacy_he24_v1,legacy_carried,unknown,,0,0,legacy_published,0.0,,retained_irrecoverable_source_gaps,reset_backfill_two_lake_v1,,76396b98840c0ed7967863e44733e96a09818baf9b1fff0d47f799b14c71b58c,
2026-06-27,2,3384.33,ercot_he24_q4_v2,observed_complete,4/4,,0,0,none,0.0,,historical_q4_replay,current_lake_20260706_he24_q4_v2_settled_folds6_9_s42,,3a699263887bdbcd8f163c02956f694ab53fb5264294942bd180a8c9fd7d1039,1
2026-06-28,1,-13337.68,legacy_he24_v1,legacy_carried,unknown,,0,0,legacy_published,0.0,,retained_irrecoverable_source_gaps,reset_backfill_two_lake_v1,,76396b98840c0ed7967863e44733e96a09818baf9b1fff0d47f799b14c71b58c,
2026-06-28,2,-1029.79,ercot_he24_q4_v2,observed_complete,4/4,,0,0,none,0.0,,historical_q4_replay,current_lake_20260706_he24_q4_v2_settled_folds6_9_s42,,3a699263887bdbcd8f163c02956f694ab53fb5264294942bd180a8c9fd7d1039,1
2026-06-29,1,2332.64,legacy_he24_v1,legacy_carried,unknown,,0,0,legacy_published,0.0,,retained_irrecoverable_source_gaps,reset_backfill_two_lake_v1,,76396b98840c0ed7967863e44733e96a09818baf9b1fff0d47f799b14c71b58c,
2026-06-29,2,673.18,ercot_he24_q4_v2,observed_complete,4/4,,0,0,none,0.0,,historical_q4_replay,current_lake_20260706_he24_q4_v2_settled_folds6_9_s42,,3a699263887bdbcd8f163c02956f694ab53fb5264294942bd180a8c9fd7d1039,1
2026-06-30,1,10406.22,legacy_he24_v1,legacy_carried,unknown,,0,0,legacy_published,0.0,,retained_irrecoverable_source_gaps,reset_backfill_two_lake_v1,,76396b98840c0ed7967863e44733e96a09818baf9b1fff0d47f799b14c71b58c,
2026-06-30,2,1967.60,ercot_he24_q4_v2,observed_complete,4/4,,0,0,none,0.0,,historical_q4_replay,current_lake_20260706_he24_q4_v2_settled_folds6_9_s42,,3a699263887bdbcd8f163c02956f694ab53fb5264294942bd180a8c9fd7d1039,1
2026-07-01,1,9744.53,legacy_he24_v1,legacy_carried,unknown,,0,0,legacy_published,0.0,,retained_irrecoverable_source_gaps,reset_backfill_two_lake_v1,,76396b98840c0ed7967863e44733e96a09818baf9b1fff0d47f799b14c71b58c,
2026-07-01,2,1150.99,ercot_he24_q4_v2,observed_complete,4/4,,0,0,none,0.0,,historical_q4_replay,current_lake_20260706_he24_q4_v2_settled_folds6_9_s42,,3a699263887bdbcd8f163c02956f694ab53fb5264294942bd180a8c9fd7d1039,1
2026-07-02,1,22639.34,legacy_he24_v1,legacy_carried,unknown,,0,0,legacy_published,0.0,,retained_irrecoverable_source_gaps,reset_backfill_two_lake_v1,,76396b98840c0ed7967863e44733e96a09818baf9b1fff0d47f799b14c71b58c,
2026-07-02,2,1117.00,ercot_he24_q4_v2,observed_complete,4/4,,0,0,none,0.0,,historical_q4_replay,current_lake_20260706_he24_q4_v2_settled_folds6_9_s42,,3a699263887bdbcd8f163c02956f694ab53fb5264294942bd180a8c9fd7d1039,1
2026-07-03,1,21924.52,legacy_he24_v1,legacy_carried,unknown,,0,0,legacy_published,0.0,,retained_irrecoverable_source_gaps,reset_backfill_two_lake_v1,,76396b98840c0ed7967863e44733e96a09818baf9b1fff0d47f799b14c71b58c,
2026-07-03,2,1465.90,ercot_he24_q4_v2,observed_complete,4/4,,0,0,none,0.0,,historical_q4_replay,current_lake_20260706_he24_q4_v2_settled_folds6_9_s42,,3a699263887bdbcd8f163c02956f694ab53fb5264294942bd180a8c9fd7d1039,1
2026-07-04,1,6709.66,legacy_he24_v1,legacy_carried,unknown,,0,0,legacy_published,0.0,,retained_irrecoverable_source_gaps,reset_backfill_two_lake_v1,,76396b98840c0ed7967863e44733e96a09818baf9b1fff0d47f799b14c71b58c,
2026-07-04,2,1020.69,ercot_he24_q4_v2,observed_complete,4/4,,0,0,none,0.0,,historical_q4_replay,current_lake_20260706_he24_q4_v2_settled_folds6_9_s42,,3a699263887bdbcd8f163c02956f694ab53fb5264294942bd180a8c9fd7d1039,1
2026-07-05,1,5376.41,legacy_he24_v1,legacy_carried,unknown,,0,0,legacy_published,0.0,,retained_irrecoverable_source_gaps,reset_backfill_two_lake_v1,,76396b98840c0ed7967863e44733e96a09818baf9b1fff0d47f799b14c71b58c,
2026-07-05,2,1004.05,ercot_he24_q4_v2,observed_complete,4/4,,0,0,none,0.0,,historical_q4_replay,current_lake_20260706_he24_q4_v2_settled_folds6_9_s42,,3a699263887bdbcd8f163c02956f694ab53fb5264294942bd180a8c9fd7d1039,1
2026-07-06,1,3715.57,legacy_he24_v1,legacy_carried,unknown,,0,0,legacy_published,0.0,,retained_irrecoverable_source_gaps,reset_backfill_two_lake_v1,,76396b98840c0ed7967863e44733e96a09818baf9b1fff0d47f799b14c71b58c,
2026-07-06,2,1275.23,ercot_he24_q4_v2,observed_complete,4/4,,0,0,none,0.0,,historical_q4_replay,current_lake_20260706_he24_q4_v2_settled_folds6_9_s42,,3a699263887bdbcd8f163c02956f694ab53fb5264294942bd180a8c9fd7d1039,1
2026-07-07,1,4535.37,legacy_he24_v1,legacy_carried,unknown,,0,0,legacy_published,0.0,,superseded_legacy_valuation,fold9_alias_extension_20250523_s42,,76396b98840c0ed7967863e44733e96a09818baf9b1fff0d47f799b14c71b58c,
2026-07-07,2,4535.37,ercot_he24_q4_v2,observed_complete,4/4,,0,0,none,0.0,,he24_midnight_correction,fold9_alias_extension_20250523_s42,legacy_he24_v1,7c600b8eb397a3139bb00024654d928847d33f9f667a5a4cb87cfe1b6e9ff5a2,1
2026-07-08,1,-15850.12,legacy_he24_v1,legacy_carried,unknown,,0,0,legacy_published,0.0,,superseded_legacy_valuation,fold9_alias_extension_20250523_s42,,76396b98840c0ed7967863e44733e96a09818baf9b1fff0d47f799b14c71b58c,
2026-07-08,2,-15850.12,ercot_he24_q4_v2,observed_complete,4/4,,0,0,none,0.0,,zero_impact_he24_revision,fold9_alias_extension_20250523_s42,legacy_he24_v1,7c600b8eb397a3139bb00024654d928847d33f9f667a5a4cb87cfe1b6e9ff5a2,1
2026-07-09,1,-254.33,ercot_he24_q4_v2,provisional,3/4,15:45,8,8,mean_observed_rt_intervals,2.0,,missing_interval_provisional,fold9_alias_extension_20250523_s42,,0a566a39b096fabda46e1cc13d6d56fc04006e0d6c7a60b743907dec4fa8c066,
2026-07-10,1,1600.19,ercot_he24_q4_v2,provisional,4/4,,0,0,none,0.0,2026-07-09,initial_valuation,fold9_alias_extension_20250523_s42,provisional:2026-07-09,0a566a39b096fabda46e1cc13d6d56fc04006e0d6c7a60b743907dec4fa8c066,
2026-07-10,2,1600.19,ercot_he24_q4_v2,observed_complete,4/4,,0,0,none,0.0,2026-07-09,valuation_status_correction,fold9_alias_extension_20250523_s42,provisional:2026-07-09,51fe554407a9adaf9892c2926cf691bc645458fbe7cb951f7dee4e5cdc9389fe,1
2026-07-11,1,901.30,ercot_he24_q4_v2,observed_complete,4/4,,0,0,none,0.0,2026-07-09,initial_valuation,fold9_alias_extension_20250523_s42,provisional:2026-07-09,f8bbe93a4a7449b9cc68a48de5d0c959bb5f5dfc811f74f438729f94fce6f16b,
2026-03-01,3,622.27,legacy_he24_v1,legacy_carried,unknown,,0,0,legacy_published,0.0,,restore_live_lineage_continuity,reset_backfill_two_lake_v1,,76396b98840c0ed7967863e44733e96a09818baf9b1fff0d47f799b14c71b58c,2
2026-03-02,3,799.68,legacy_he24_v1,legacy_carried,unknown,,0,0,legacy_published,0.0,,restore_live_lineage_continuity,reset_backfill_two_lake_v1,,76396b98840c0ed7967863e44733e96a09818baf9b1fff0d47f799b14c71b58c,2
2026-03-03,3,-26.06,legacy_he24_v1,legacy_carried,unknown,,0,0,legacy_published,0.0,,restore_live_lineage_continuity,reset_backfill_two_lake_v1,,76396b98840c0ed7967863e44733e96a09818baf9b1fff0d47f799b14c71b58c,2
2026-03-04,3,568.00,legacy_he24_v1,legacy_carried,unknown,,0,0,legacy_published,0.0,,restore_live_lineage_continuity,reset_backfill_two_lake_v1,,76396b98840c0ed7967863e44733e96a09818baf9b1fff0d47f799b14c71b58c,2
2026-03-05,3,-113.13,legacy_he24_v1,legacy_carried,unknown,,0,0,legacy_published,0.0,,restore_live_lineage_continuity,reset_backfill_two_lake_v1,,76396b98840c0ed7967863e44733e96a09818baf9b1fff0d47f799b14c71b58c,2
2026-03-06,3,1186.88,legacy_he24_v1,legacy_carried,unknown,,0,0,legacy_published,0.0,,restore_live_lineage_continuity,reset_backfill_two_lake_v1,,76396b98840c0ed7967863e44733e96a09818baf9b1fff0d47f799b14c71b58c,2
2026-03-07,3,-342.30,legacy_he24_v1,legacy_carried,unknown,,0,0,legacy_published,0.0,,restore_live_lineage_continuity,reset_backfill_two_lake_v1,,76396b98840c0ed7967863e44733e96a09818baf9b1fff0d47f799b14c71b58c,2
2026-03-08,3,2301.07,legacy_he24_v1,legacy_carried,unknown,,0,0,legacy_published,0.0,,restore_live_lineage_continuity,reset_backfill_two_lake_v1,,76396b98840c0ed7967863e44733e96a09818baf9b1fff0d47f799b14c71b58c,2
2026-03-09,3,-6846.69,legacy_he24_v1,legacy_carried,unknown,,0,0,legacy_published,0.0,,restore_live_lineage_continuity,reset_backfill_two_lake_v1,,76396b98840c0ed7967863e44733e96a09818baf9b1fff0d47f799b14c71b58c,2
2026-03-10,3,1360.92,legacy_he24_v1,legacy_carried,unknown,,0,0,legacy_published,0.0,,restore_live_lineage_continuity,reset_backfill_two_lake_v1,,76396b98840c0ed7967863e44733e96a09818baf9b1fff0d47f799b14c71b58c,2
2026-03-11,3,1115.22,legacy_he24_v1,legacy_carried,unknown,,0,0,legacy_published,0.0,,restore_live_lineage_continuity,reset_backfill_two_lake_v1,,76396b98840c0ed7967863e44733e96a09818baf9b1fff0d47f799b14c71b58c,2
2026-03-12,3,7426.51,legacy_he24_v1,legacy_carried,unknown,,0,0,legacy_published,0.0,,restore_live_lineage_continuity,reset_backfill_two_lake_v1,,76396b98840c0ed7967863e44733e96a09818baf9b1fff0d47f799b14c71b58c,2
2026-03-13,3,3158.72,legacy_he24_v1,legacy_carried,unknown,,0,0,legacy_published,0.0,,restore_live_lineage_continuity,reset_backfill_two_lake_v1,,76396b98840c0ed7967863e44733e96a09818baf9b1fff0d47f799b14c71b58c,2
2026-03-14,3,-2071.85,legacy_he24_v1,legacy_carried,unknown,,0,0,legacy_published,0.0,,restore_live_lineage_continuity,reset_backfill_two_lake_v1,,76396b98840c0ed7967863e44733e96a09818baf9b1fff0d47f799b14c71b58c,2
2026-03-15,3,461.54,legacy_he24_v1,legacy_carried,unknown,,0,0,legacy_published,0.0,,restore_live_lineage_continuity,reset_backfill_two_lake_v1,,76396b98840c0ed7967863e44733e96a09818baf9b1fff0d47f799b14c71b58c,2
2026-03-16,3,-2627.25,legacy_he24_v1,legacy_carried,unknown,,0,0,legacy_published,0.0,,restore_live_lineage_continuity,reset_backfill_two_lake_v1,,76396b98840c0ed7967863e44733e96a09818baf9b1fff0d47f799b14c71b58c,2
2026-03-17,3,4125.68,legacy_he24_v1,legacy_carried,unknown,,0,0,legacy_published,0.0,,restore_live_lineage_continuity,reset_backfill_two_lake_v1,,76396b98840c0ed7967863e44733e96a09818baf9b1fff0d47f799b14c71b58c,2
2026-03-18,3,-250.72,legacy_he24_v1,legacy_carried,unknown,,0,0,legacy_published,0.0,,restore_live_lineage_continuity,reset_backfill_two_lake_v1,,76396b98840c0ed7967863e44733e96a09818baf9b1fff0d47f799b14c71b58c,2
2026-03-19,3,909.30,legacy_he24_v1,legacy_carried,unknown,,0,0,legacy_published,0.0,,restore_live_lineage_continuity,reset_backfill_two_lake_v1,,76396b98840c0ed7967863e44733e96a09818baf9b1fff0d47f799b14c71b58c,2
2026-03-20,3,2075.04,legacy_he24_v1,legacy_carried,unknown,,0,0,legacy_published,0.0,,restore_live_lineage_continuity,reset_backfill_two_lake_v1,,76396b98840c0ed7967863e44733e96a09818baf9b1fff0d47f799b14c71b58c,2
2026-03-21,3,3417.44,legacy_he24_v1,legacy_carried,unknown,,0,0,legacy_published,0.0,,restore_live_lineage_continuity,reset_backfill_two_lake_v1,,76396b98840c0ed7967863e44733e96a09818baf9b1fff0d47f799b14c71b58c,2
2026-03-22,3,3826.29,legacy_he24_v1,legacy_carried,unknown,,0,0,legacy_published,0.0,,restore_live_lineage_continuity,reset_backfill_two_lake_v1,,76396b98840c0ed7967863e44733e96a09818baf9b1fff0d47f799b14c71b58c,2
2026-03-23,3,4240.78,legacy_he24_v1,legacy_carried,unknown,,0,0,legacy_published,0.0,,restore_live_lineage_continuity,reset_backfill_two_lake_v1,,76396b98840c0ed7967863e44733e96a09818baf9b1fff0d47f799b14c71b58c,2
2026-03-24,3,2044.78,legacy_he24_v1,legacy_carried,unknown,,0,0,legacy_published,0.0,,restore_live_lineage_continuity,reset_backfill_two_lake_v1,,76396b98840c0ed7967863e44733e96a09818baf9b1fff0d47f799b14c71b58c,2
2026-03-25,3,46.59,legacy_he24_v1,legacy_carried,unknown,,0,0,legacy_published,0.0,,restore_live_lineage_continuity,reset_backfill_two_lake_v1,,76396b98840c0ed7967863e44733e96a09818baf9b1fff0d47f799b14c71b58c,2
2026-03-26,3,-983.43,legacy_he24_v1,legacy_carried,unknown,,0,0,legacy_published,0.0,,restore_live_lineage_continuity,reset_backfill_two_lake_v1,,76396b98840c0ed7967863e44733e96a09818baf9b1fff0d47f799b14c71b58c,2
2026-03-27,3,3935.07,legacy_he24_v1,legacy_carried,unknown,,0,0,legacy_published,0.0,,restore_live_lineage_continuity,reset_backfill_two_lake_v1,,76396b98840c0ed7967863e44733e96a09818baf9b1fff0d47f799b14c71b58c,2
2026-03-28,3,2069.36,legacy_he24_v1,legacy_carried,unknown,,0,0,legacy_published,0.0,,restore_live_lineage_continuity,reset_backfill_two_lake_v1,,76396b98840c0ed7967863e44733e96a09818baf9b1fff0d47f799b14c71b58c,2
2026-03-29,3,-1025.21,legacy_he24_v1,legacy_carried,unknown,,0,0,legacy_published,0.0,,restore_live_lineage_continuity,reset_backfill_two_lake_v1,,76396b98840c0ed7967863e44733e96a09818baf9b1fff0d47f799b14c71b58c,2
2026-03-30,3,-3198.02,legacy_he24_v1,legacy_carried,unknown,,0,0,legacy_published,0.0,,restore_live_lineage_continuity,reset_backfill_two_lake_v1,,76396b98840c0ed7967863e44733e96a09818baf9b1fff0d47f799b14c71b58c,2
2026-03-31,3,5032.47,legacy_he24_v1,legacy_carried,unknown,,0,0,legacy_published,0.0,,restore_live_lineage_continuity,reset_backfill_two_lake_v1,,76396b98840c0ed7967863e44733e96a09818baf9b1fff0d47f799b14c71b58c,2
2026-04-01,3,12763.72,legacy_he24_v1,legacy_carried,unknown,,0,0,legacy_published,0.0,,restore_live_lineage_continuity,reset_backfill_two_lake_v1,,76396b98840c0ed7967863e44733e96a09818baf9b1fff0d47f799b14c71b58c,2
2026-04-02,3,4857.43,legacy_he24_v1,legacy_carried,unknown,,0,0,legacy_published,0.0,,restore_live_lineage_continuity,reset_backfill_two_lake_v1,,76396b98840c0ed7967863e44733e96a09818baf9b1fff0d47f799b14c71b58c,2
2026-04-03,3,2324.33,legacy_he24_v1,legacy_carried,unknown,,0,0,legacy_published,0.0,,restore_live_lineage_continuity,reset_backfill_two_lake_v1,,76396b98840c0ed7967863e44733e96a09818baf9b1fff0d47f799b14c71b58c,2
2026-04-04,3,-468.69,legacy_he24_v1,legacy_carried,unknown,,0,0,legacy_published,0.0,,restore_live_lineage_continuity,reset_backfill_two_lake_v1,,76396b98840c0ed7967863e44733e96a09818baf9b1fff0d47f799b14c71b58c,2
2026-04-05,3,3750.12,legacy_he24_v1,legacy_carried,unknown,,0,0,legacy_published,0.0,,restore_live_lineage_continuity,reset_backfill_two_lake_v1,,76396b98840c0ed7967863e44733e96a09818baf9b1fff0d47f799b14c71b58c,2
2026-04-06,3,8465.10,legacy_he24_v1,legacy_carried,unknown,,0,0,legacy_published,0.0,,restore_live_lineage_continuity,reset_backfill_two_lake_v1,,76396b98840c0ed7967863e44733e96a09818baf9b1fff0d47f799b14c71b58c,2
2026-04-07,3,3907.42,legacy_he24_v1,legacy_carried,unknown,,0,0,legacy_published,0.0,,restore_live_lineage_continuity,reset_backfill_two_lake_v1,,76396b98840c0ed7967863e44733e96a09818baf9b1fff0d47f799b14c71b58c,2
2026-04-08,3,-766.48,legacy_he24_v1,legacy_carried,unknown,,0,0,legacy_published,0.0,,restore_live_lineage_continuity,reset_backfill_two_lake_v1,,76396b98840c0ed7967863e44733e96a09818baf9b1fff0d47f799b14c71b58c,2
2026-04-09,3,-15832.38,legacy_he24_v1,legacy_carried,unknown,,0,0,legacy_published,0.0,,restore_live_lineage_continuity,reset_backfill_two_lake_v1,,76396b98840c0ed7967863e44733e96a09818baf9b1fff0d47f799b14c71b58c,2
2026-04-10,3,-4167.26,legacy_he24_v1,legacy_carried,unknown,,0,0,legacy_published,0.0,,restore_live_lineage_continuity,reset_backfill_two_lake_v1,,76396b98840c0ed7967863e44733e96a09818baf9b1fff0d47f799b14c71b58c,2
2026-04-11,3,590.55,legacy_he24_v1,legacy_carried,unknown,,0,0,legacy_published,0.0,,restore_live_lineage_continuity,reset_backfill_two_lake_v1,,76396b98840c0ed7967863e44733e96a09818baf9b1fff0d47f799b14c71b58c,2
2026-04-12,3,-3423.51,legacy_he24_v1,legacy_carried,unknown,,0,0,legacy_published,0.0,,restore_live_lineage_continuity,reset_backfill_two_lake_v1,,76396b98840c0ed7967863e44733e96a09818baf9b1fff0d47f799b14c71b58c,2
2026-04-13,3,-8112.18,legacy_he24_v1,legacy_carried,unknown,,0,0,legacy_published,0.0,,restore_live_lineage_continuity,reset_backfill_two_lake_v1,,76396b98840c0ed7967863e44733e96a09818baf9b1fff0d47f799b14c71b58c,2
2026-04-14,3,6836.43,legacy_he24_v1,legacy_carried,unknown,,0,0,legacy_published,0.0,,restore_live_lineage_continuity,reset_backfill_two_lake_v1,,76396b98840c0ed7967863e44733e96a09818baf9b1fff0d47f799b14c71b58c,2
2026-04-15,3,2838.04,legacy_he24_v1,legacy_carried,unknown,,0,0,legacy_published,0.0,,restore_live_lineage_continuity,reset_backfill_two_lake_v1,,76396b98840c0ed7967863e44733e96a09818baf9b1fff0d47f799b14c71b58c,2
2026-04-16,3,-477.21,legacy_he24_v1,legacy_carried,unknown,,0,0,legacy_published,0.0,,restore_live_lineage_continuity,reset_backfill_two_lake_v1,,76396b98840c0ed7967863e44733e96a09818baf9b1fff0d47f799b14c71b58c,2
2026-04-17,3,1750.79,legacy_he24_v1,legacy_carried,unknown,,0,0,legacy_published,0.0,,restore_live_lineage_continuity,reset_backfill_two_lake_v1,,76396b98840c0ed7967863e44733e96a09818baf9b1fff0d47f799b14c71b58c,2
2026-04-18,3,-1791.17,legacy_he24_v1,legacy_carried,unknown,,0,0,legacy_published,0.0,,restore_live_lineage_continuity,reset_backfill_two_lake_v1,,76396b98840c0ed7967863e44733e96a09818baf9b1fff0d47f799b14c71b58c,2
2026-04-19,3,-3871.33,legacy_he24_v1,legacy_carried,unknown,,0,0,legacy_published,0.0,,restore_live_lineage_continuity,reset_backfill_two_lake_v1,,76396b98840c0ed7967863e44733e96a09818baf9b1fff0d47f799b14c71b58c,2
2026-04-20,3,-5588.20,legacy_he24_v1,legacy_carried,unknown,,0,0,legacy_published,0.0,,restore_live_lineage_continuity,reset_backfill_two_lake_v1,,76396b98840c0ed7967863e44733e96a09818baf9b1fff0d47f799b14c71b58c,2
2026-04-21,3,7058.71,legacy_he24_v1,legacy_carried,unknown,,0,0,legacy_published,0.0,,restore_live_lineage_continuity,reset_backfill_two_lake_v1,,76396b98840c0ed7967863e44733e96a09818baf9b1fff0d47f799b14c71b58c,2
2026-04-22,3,-1726.45,legacy_he24_v1,legacy_carried,unknown,,0,0,legacy_published,0.0,,restore_live_lineage_continuity,reset_backfill_two_lake_v1,,76396b98840c0ed7967863e44733e96a09818baf9b1fff0d47f799b14c71b58c,2
2026-04-23,3,-1499.17,legacy_he24_v1,legacy_carried,unknown,,0,0,legacy_published,0.0,,restore_live_lineage_continuity,reset_backfill_two_lake_v1,,76396b98840c0ed7967863e44733e96a09818baf9b1fff0d47f799b14c71b58c,2
2026-04-24,3,5715.02,legacy_he24_v1,legacy_carried,unknown,,0,0,legacy_published,0.0,,restore_live_lineage_continuity,reset_backfill_two_lake_v1,,76396b98840c0ed7967863e44733e96a09818baf9b1fff0d47f799b14c71b58c,2
2026-04-25,3,4111.92,legacy_he24_v1,legacy_carried,unknown,,0,0,legacy_published,0.0,,restore_live_lineage_continuity,reset_backfill_two_lake_v1,,76396b98840c0ed7967863e44733e96a09818baf9b1fff0d47f799b14c71b58c,2
2026-04-26,3,9815.60,legacy_he24_v1,legacy_carried,unknown,,0,0,legacy_published,0.0,,restore_live_lineage_continuity,reset_backfill_two_lake_v1,,76396b98840c0ed7967863e44733e96a09818baf9b1fff0d47f799b14c71b58c,2
2026-04-27,3,21488.14,legacy_he24_v1,legacy_carried,unknown,,0,0,legacy_published,0.0,,restore_live_lineage_continuity,reset_backfill_two_lake_v1,,76396b98840c0ed7967863e44733e96a09818baf9b1fff0d47f799b14c71b58c,2
2026-04-28,3,19971.42,legacy_he24_v1,legacy_carried,unknown,,0,0,legacy_published,0.0,,restore_live_lineage_continuity,reset_backfill_two_lake_v1,,76396b98840c0ed7967863e44733e96a09818baf9b1fff0d47f799b14c71b58c,2
2026-04-29,3,3087.61,legacy_he24_v1,legacy_carried,unknown,,0,0,legacy_published,0.0,,restore_live_lineage_continuity,reset_backfill_two_lake_v1,,76396b98840c0ed7967863e44733e96a09818baf9b1fff0d47f799b14c71b58c,2
2026-04-30,3,3949.32,legacy_he24_v1,legacy_carried,unknown,,0,0,legacy_published,0.0,,restore_live_lineage_continuity,reset_backfill_two_lake_v1,,76396b98840c0ed7967863e44733e96a09818baf9b1fff0d47f799b14c71b58c,2
2026-05-01,3,-14077.32,legacy_he24_v1,legacy_carried,unknown,,0,0,legacy_published,0.0,,restore_live_lineage_continuity,reset_backfill_two_lake_v1,,76396b98840c0ed7967863e44733e96a09818baf9b1fff0d47f799b14c71b58c,2
2026-05-02,3,8803.95,legacy_he24_v1,legacy_carried,unknown,,0,0,legacy_published,0.0,,restore_live_lineage_continuity,reset_backfill_two_lake_v1,,76396b98840c0ed7967863e44733e96a09818baf9b1fff0d47f799b14c71b58c,2
2026-05-03,3,12000.35,legacy_he24_v1,legacy_carried,unknown,,0,0,legacy_published,0.0,,restore_live_lineage_continuity,reset_backfill_two_lake_v1,,76396b98840c0ed7967863e44733e96a09818baf9b1fff0d47f799b14c71b58c,2
2026-05-04,3,3734.63,legacy_he24_v1,legacy_carried,unknown,,0,0,legacy_published,0.0,,restore_live_lineage_continuity,reset_backfill_two_lake_v1,,76396b98840c0ed7967863e44733e96a09818baf9b1fff0d47f799b14c71b58c,2
2026-05-05,3,5279.69,legacy_he24_v1,legacy_carried,unknown,,0,0,legacy_published,0.0,,restore_live_lineage_continuity,reset_backfill_two_lake_v1,,76396b98840c0ed7967863e44733e96a09818baf9b1fff0d47f799b14c71b58c,2
2026-05-06,3,30659.58,legacy_he24_v1,legacy_carried,unknown,,0,0,legacy_published,0.0,,restore_live_lineage_continuity,reset_backfill_two_lake_v1,,76396b98840c0ed7967863e44733e96a09818baf9b1fff0d47f799b14c71b58c,2
2026-05-07,3,3898.11,legacy_he24_v1,legacy_carried,unknown,,0,0,legacy_published,0.0,,restore_live_lineage_continuity,reset_backfill_two_lake_v1,,76396b98840c0ed7967863e44733e96a09818baf9b1fff0d47f799b14c71b58c,2
2026-05-08,3,-3062.43,legacy_he24_v1,legacy_carried,unknown,,0,0,legacy_published,0.0,,restore_live_lineage_continuity,reset_backfill_two_lake_v1,,76396b98840c0ed7967863e44733e96a09818baf9b1fff0d47f799b14c71b58c,2
2026-05-09,3,2804.53,legacy_he24_v1,legacy_carried,unknown,,0,0,legacy_published,0.0,,restore_live_lineage_continuity,reset_backfill_two_lake_v1,,76396b98840c0ed7967863e44733e96a09818baf9b1fff0d47f799b14c71b58c,2
2026-05-10,3,9074.88,legacy_he24_v1,legacy_carried,unknown,,0,0,legacy_published,0.0,,restore_live_lineage_continuity,reset_backfill_two_lake_v1,,76396b98840c0ed7967863e44733e96a09818baf9b1fff0d47f799b14c71b58c,2
2026-05-11,3,2845.13,legacy_he24_v1,legacy_carried,unknown,,0,0,legacy_published,0.0,,restore_live_lineage_continuity,reset_backfill_two_lake_v1,,76396b98840c0ed7967863e44733e96a09818baf9b1fff0d47f799b14c71b58c,2
2026-05-12,3,2367.86,legacy_he24_v1,legacy_carried,unknown,,0,0,legacy_published,0.0,,restore_live_lineage_continuity,reset_backfill_two_lake_v1,,76396b98840c0ed7967863e44733e96a09818baf9b1fff0d47f799b14c71b58c,2
2026-05-13,3,3643.35,legacy_he24_v1,legacy_carried,unknown,,0,0,legacy_published,0.0,,restore_live_lineage_continuity,reset_backfill_two_lake_v1,,76396b98840c0ed7967863e44733e96a09818baf9b1fff0d47f799b14c71b58c,2
2026-05-14,3,1247.67,legacy_he24_v1,legacy_carried,unknown,,0,0,legacy_published,0.0,,restore_live_lineage_continuity,reset_backfill_two_lake_v1,,76396b98840c0ed7967863e44733e96a09818baf9b1fff0d47f799b14c71b58c,2
2026-05-15,3,-64.97,legacy_he24_v1,legacy_carried,unknown,,0,0,legacy_published,0.0,,restore_live_lineage_continuity,reset_backfill_two_lake_v1,,76396b98840c0ed7967863e44733e96a09818baf9b1fff0d47f799b14c71b58c,2
2026-05-16,3,6364.75,legacy_he24_v1,legacy_carried,unknown,,0,0,legacy_published,0.0,,restore_live_lineage_continuity,reset_backfill_two_lake_v1,,76396b98840c0ed7967863e44733e96a09818baf9b1fff0d47f799b14c71b58c,2
2026-05-17,3,4162.53,legacy_he24_v1,legacy_carried,unknown,,0,0,legacy_published,0.0,,restore_live_lineage_continuity,reset_backfill_two_lake_v1,,76396b98840c0ed7967863e44733e96a09818baf9b1fff0d47f799b14c71b58c,2
2026-05-18,3,4746.83,legacy_he24_v1,legacy_carried,unknown,,0,0,legacy_published,0.0,,restore_live_lineage_continuity,reset_backfill_two_lake_v1,,76396b98840c0ed7967863e44733e96a09818baf9b1fff0d47f799b14c71b58c,2
2026-05-19,3,8643.36,legacy_he24_v1,legacy_carried,unknown,,0,0,legacy_published,0.0,,restore_live_lineage_continuity,reset_backfill_two_lake_v1,,76396b98840c0ed7967863e44733e96a09818baf9b1fff0d47f799b14c71b58c,2
2026-05-20,3,8422.62,legacy_he24_v1,legacy_carried,unknown,,0,0,legacy_published,0.0,,restore_live_lineage_continuity,reset_backfill_two_lake_v1,,76396b98840c0ed7967863e44733e96a09818baf9b1fff0d47f799b14c71b58c,2
2026-05-21,3,-8082.09,legacy_he24_v1,legacy_carried,unknown,,0,0,legacy_published,0.0,,restore_live_lineage_continuity,reset_backfill_two_lake_v1,,76396b98840c0ed7967863e44733e96a09818baf9b1fff0d47f799b14c71b58c,2
2026-05-22,3,7348.01,legacy_he24_v1,legacy_carried,unknown,,0,0,legacy_published,0.0,,restore_live_lineage_continuity,reset_backfill_two_lake_v1,,76396b98840c0ed7967863e44733e96a09818baf9b1fff0d47f799b14c71b58c,2
2026-05-23,3,191.40,legacy_he24_v1,legacy_carried,unknown,,0,0,legacy_published,0.0,,restore_live_lineage_continuity,reset_backfill_two_lake_v1,,76396b98840c0ed7967863e44733e96a09818baf9b1fff0d47f799b14c71b58c,2
2026-05-24,3,13702.83,legacy_he24_v1,legacy_carried,unknown,,0,0,legacy_published,0.0,,restore_live_lineage_continuity,reset_backfill_two_lake_v1,,76396b98840c0ed7967863e44733e96a09818baf9b1fff0d47f799b14c71b58c,2
2026-05-25,3,7740.55,legacy_he24_v1,legacy_carried,unknown,,0,0,legacy_published,0.0,,restore_live_lineage_continuity,reset_backfill_two_lake_v1,,76396b98840c0ed7967863e44733e96a09818baf9b1fff0d47f799b14c71b58c,2
2026-05-26,3,-5628.67,legacy_he24_v1,legacy_carried,unknown,,0,0,legacy_published,0.0,,restore_live_lineage_continuity,reset_backfill_two_lake_v1,,76396b98840c0ed7967863e44733e96a09818baf9b1fff0d47f799b14c71b58c,2
2026-05-27,3,22306.96,legacy_he24_v1,legacy_carried,unknown,,0,0,legacy_published,0.0,,restore_live_lineage_continuity,reset_backfill_two_lake_v1,,76396b98840c0ed7967863e44733e96a09818baf9b1fff0d47f799b14c71b58c,2
2026-05-28,3,195.01,legacy_he24_v1,legacy_carried,unknown,,0,0,legacy_published,0.0,,restore_live_lineage_continuity,reset_backfill_two_lake_v1,,76396b98840c0ed7967863e44733e96a09818baf9b1fff0d47f799b14c71b58c,2
2026-05-29,3,5793.01,legacy_he24_v1,legacy_carried,unknown,,0,0,legacy_published,0.0,,restore_live_lineage_continuity,reset_backfill_two_lake_v1,,76396b98840c0ed7967863e44733e96a09818baf9b1fff0d47f799b14c71b58c,2
2026-05-30,3,-10845.71,legacy_he24_v1,legacy_carried,unknown,,0,0,legacy_published,0.0,,restore_live_lineage_continuity,reset_backfill_two_lake_v1,,76396b98840c0ed7967863e44733e96a09818baf9b1fff0d47f799b14c71b58c,2
2026-05-31,3,1454.37,legacy_he24_v1,legacy_carried,unknown,,0,0,legacy_published,0.0,,restore_live_lineage_continuity,reset_backfill_two_lake_v1,,76396b98840c0ed7967863e44733e96a09818baf9b1fff0d47f799b14c71b58c,2
2026-06-01,3,-2841.74,legacy_he24_v1,legacy_carried,unknown,,0,0,legacy_published,0.0,,restore_live_lineage_continuity,reset_backfill_two_lake_v1,,76396b98840c0ed7967863e44733e96a09818baf9b1fff0d47f799b14c71b58c,2
2026-06-02,3,-3255.58,legacy_he24_v1,legacy_carried,unknown,,0,0,legacy_published,0.0,,restore_live_lineage_continuity,reset_backfill_two_lake_v1,,76396b98840c0ed7967863e44733e96a09818baf9b1fff0d47f799b14c71b58c,2
2026-06-03,3,8731.63,legacy_he24_v1,legacy_carried,unknown,,0,0,legacy_published,0.0,,restore_live_lineage_continuity,reset_backfill_two_lake_v1,,76396b98840c0ed7967863e44733e96a09818baf9b1fff0d47f799b14c71b58c,2
2026-06-04,3,10488.32,legacy_he24_v1,legacy_carried,unknown,,0,0,legacy_published,0.0,,restore_live_lineage_continuity,reset_backfill_two_lake_v1,,76396b98840c0ed7967863e44733e96a09818baf9b1fff0d47f799b14c71b58c,2
2026-06-05,3,-4087.60,legacy_he24_v1,legacy_carried,unknown,,0,0,legacy_published,0.0,,restore_live_lineage_continuity,reset_backfill_two_lake_v1,,76396b98840c0ed7967863e44733e96a09818baf9b1fff0d47f799b14c71b58c,2
2026-06-06,3,39484.35,legacy_he24_v1,legacy_carried,unknown,,0,0,legacy_published,0.0,,restore_live_lineage_continuity,reset_backfill_two_lake_v1,,76396b98840c0ed7967863e44733e96a09818baf9b1fff0d47f799b14c71b58c,2
2026-06-07,3,6784.98,legacy_he24_v1,legacy_carried,unknown,,0,0,legacy_published,0.0,,restore_live_lineage_continuity,reset_backfill_two_lake_v1,,76396b98840c0ed7967863e44733e96a09818baf9b1fff0d47f799b14c71b58c,2
2026-06-08,3,22057.39,legacy_he24_v1,legacy_carried,unknown,,0,0,legacy_published,0.0,,restore_live_lineage_continuity,reset_backfill_two_lake_v1,,76396b98840c0ed7967863e44733e96a09818baf9b1fff0d47f799b14c71b58c,2
2026-06-09,3,25337.51,legacy_he24_v1,legacy_carried,unknown,,0,0,legacy_published,0.0,,restore_live_lineage_continuity,reset_backfill_two_lake_v1,,76396b98840c0ed7967863e44733e96a09818baf9b1fff0d47f799b14c71b58c,2
2026-06-10,3,25553.32,legacy_he24_v1,legacy_carried,unknown,,0,0,legacy_published,0.0,,restore_live_lineage_continuity,reset_backfill_two_lake_v1,,76396b98840c0ed7967863e44733e96a09818baf9b1fff0d47f799b14c71b58c,2
2026-06-11,3,25688.85,legacy_he24_v1,legacy_carried,unknown,,0,0,legacy_published,0.0,,restore_live_lineage_continuity,reset_backfill_two_lake_v1,,76396b98840c0ed7967863e44733e96a09818baf9b1fff0d47f799b14c71b58c,2
2026-06-12,3,15635.97,legacy_he24_v1,legacy_carried,unknown,,0,0,legacy_published,0.0,,restore_live_lineage_continuity,reset_backfill_two_lake_v1,,76396b98840c0ed7967863e44733e96a09818baf9b1fff0d47f799b14c71b58c,2
2026-06-13,3,16706.25,legacy_he24_v1,legacy_carried,unknown,,0,0,legacy_published,0.0,,restore_live_lineage_continuity,reset_backfill_two_lake_v1,,76396b98840c0ed7967863e44733e96a09818baf9b1fff0d47f799b14c71b58c,2
2026-06-14,3,9519.46,legacy_he24_v1,legacy_carried,unknown,,0,0,legacy_published,0.0,,restore_live_lineage_continuity,reset_backfill_two_lake_v1,,76396b98840c0ed7967863e44733e96a09818baf9b1fff0d47f799b14c71b58c,2
2026-06-15,3,45550.67,legacy_he24_v1,legacy_carried,unknown,,0,0,legacy_published,0.0,,restore_live_lineage_continuity,reset_backfill_two_lake_v1,,76396b98840c0ed7967863e44733e96a09818baf9b1fff0d47f799b14c71b58c,2
2026-06-16,3,46944.77,legacy_he24_v1,legacy_carried,unknown,,0,0,legacy_published,0.0,,restore_live_lineage_continuity,reset_backfill_two_lake_v1,,76396b98840c0ed7967863e44733e96a09818baf9b1fff0d47f799b14c71b58c,2
2026-06-17,3,8332.25,legacy_he24_v1,legacy_carried,unknown,,0,0,legacy_published,0.0,,restore_live_lineage_continuity,reset_backfill_two_lake_v1,,76396b98840c0ed7967863e44733e96a09818baf9b1fff0d47f799b14c71b58c,2
2026-06-18,3,46704.40,legacy_he24_v1,legacy_carried,unknown,,0,0,legacy_published,0.0,,restore_live_lineage_continuity,reset_backfill_two_lake_v1,,76396b98840c0ed7967863e44733e96a09818baf9b1fff0d47f799b14c71b58c,2
2026-06-19,3,17931.32,legacy_he24_v1,legacy_carried,unknown,,0,0,legacy_published,0.0,,restore_live_lineage_continuity,reset_backfill_two_lake_v1,,76396b98840c0ed7967863e44733e96a09818baf9b1fff0d47f799b14c71b58c,2
2026-06-20,3,39468.07,legacy_he24_v1,legacy_carried,unknown,,0,0,legacy_published,0.0,,restore_live_lineage_continuity,reset_backfill_two_lake_v1,,76396b98840c0ed7967863e44733e96a09818baf9b1fff0d47f799b14c71b58c,2
2026-06-21,3,26598.20,legacy_he24_v1,legacy_carried,unknown,,0,0,legacy_published,0.0,,restore_live_lineage_continuity,reset_backfill_two_lake_v1,,76396b98840c0ed7967863e44733e96a09818baf9b1fff0d47f799b14c71b58c,2
2026-06-22,3,15770.52,legacy_he24_v1,legacy_carried,unknown,,0,0,legacy_published,0.0,,restore_live_lineage_continuity,reset_backfill_two_lake_v1,,76396b98840c0ed7967863e44733e96a09818baf9b1fff0d47f799b14c71b58c,2
2026-06-23,3,40902.29,legacy_he24_v1,legacy_carried,unknown,,0,0,legacy_published,0.0,,restore_live_lineage_continuity,reset_backfill_two_lake_v1,,76396b98840c0ed7967863e44733e96a09818baf9b1fff0d47f799b14c71b58c,2
2026-06-24,3,8031.79,legacy_he24_v1,legacy_carried,unknown,,0,0,legacy_published,0.0,,restore_live_lineage_continuity,reset_backfill_two_lake_v1,,76396b98840c0ed7967863e44733e96a09818baf9b1fff0d47f799b14c71b58c,2
2026-06-25,3,18640.57,legacy_he24_v1,legacy_carried,unknown,,0,0,legacy_published,0.0,,restore_live_lineage_continuity,reset_backfill_two_lake_v1,,76396b98840c0ed7967863e44733e96a09818baf9b1fff0d47f799b14c71b58c,2
2026-06-26,3,3116.90,legacy_he24_v1,legacy_carried,unknown,,0,0,legacy_published,0.0,,restore_live_lineage_continuity,reset_backfill_two_lake_v1,,76396b98840c0ed7967863e44733e96a09818baf9b1fff0d47f799b14c71b58c,2
2026-06-27,3,17892.34,legacy_he24_v1,legacy_carried,unknown,,0,0,legacy_published,0.0,,restore_live_lineage_continuity,reset_backfill_two_lake_v1,,76396b98840c0ed7967863e44733e96a09818baf9b1fff0d47f799b14c71b58c,2
2026-06-28,3,-13337.68,legacy_he24_v1,legacy_carried,unknown,,0,0,legacy_published,0.0,,restore_live_lineage_continuity,reset_backfill_two_lake_v1,,76396b98840c0ed7967863e44733e96a09818baf9b1fff0d47f799b14c71b58c,2
2026-06-29,3,2332.64,legacy_he24_v1,legacy_carried,unknown,,0,0,legacy_published,0.0,,restore_live_lineage_continuity,reset_backfill_two_lake_v1,,76396b98840c0ed7967863e44733e96a09818baf9b1fff0d47f799b14c71b58c,2
2026-06-30,3,10406.22,legacy_he24_v1,legacy_carried,unknown,,0,0,legacy_published,0.0,,restore_live_lineage_continuity,reset_backfill_two_lake_v1,,76396b98840c0ed7967863e44733e96a09818baf9b1fff0d47f799b14c71b58c,2
2026-07-01,3,9744.53,legacy_he24_v1,legacy_carried,unknown,,0,0,legacy_published,0.0,,restore_live_lineage_continuity,reset_backfill_two_lake_v1,,76396b98840c0ed7967863e44733e96a09818baf9b1fff0d47f799b14c71b58c,2
2026-07-02,3,22639.34,legacy_he24_v1,legacy_carried,unknown,,0,0,legacy_published,0.0,,restore_live_lineage_continuity,reset_backfill_two_lake_v1,,76396b98840c0ed7967863e44733e96a09818baf9b1fff0d47f799b14c71b58c,2
2026-07-03,3,21924.52,legacy_he24_v1,legacy_carried,unknown,,0,0,legacy_published,0.0,,restore_live_lineage_continuity,reset_backfill_two_lake_v1,,76396b98840c0ed7967863e44733e96a09818baf9b1fff0d47f799b14c71b58c,2
2026-07-04,3,6709.66,legacy_he24_v1,legacy_carried,unknown,,0,0,legacy_published,0.0,,restore_live_lineage_continuity,reset_backfill_two_lake_v1,,76396b98840c0ed7967863e44733e96a09818baf9b1fff0d47f799b14c71b58c,2
2026-07-05,3,5376.41,legacy_he24_v1,legacy_carried,unknown,,0,0,legacy_published,0.0,,restore_live_lineage_continuity,reset_backfill_two_lake_v1,,76396b98840c0ed7967863e44733e96a09818baf9b1fff0d47f799b14c71b58c,2
2026-07-06,3,3715.57,legacy_he24_v1,legacy_carried,unknown,,0,0,legacy_published,0.0,,restore_live_lineage_continuity,reset_backfill_two_lake_v1,,76396b98840c0ed7967863e44733e96a09818baf9b1fff0d47f799b14c71b58c,2
